DatasetID,year1,author1,DATA (B) 0.1,ERR-1 (PER-CENT) 0.955,ERR-2 (PER-CENT) 0.955,ERR-DIG (B) 0.955,EN (EV) 1.1,EN-ERR-DIG (EV) 1.955,zaTarg1,Targ1,Proj,Emission,Prod,MF,MT,ReacType,Quant1,nx,indVars,Reacode
D6089002,1967,K.K.Sekharan+,0.012709,12,2,5.0e-4,1.9421e+6,5000,6013,6-C-13,A,N,8-O-16,3,4,CS,CS,1,2,"6-C-13(A,N)8-O-16,,SIG"
D6089002,1967,K.K.Sekharan+,0.014116,12,2,5.0e-4,1.9504e+6,5000,6013,6-C-13,A,N,8-O-16,3,4,CS,CS,1,2,"6-C-13(A,N)8-O-16,,SIG"
D6089002,1967,K.K.Sekharan+,0.015244,12,2,5.0e-4,1.9643e+6,5000,6013,6-C-13,A,N,8-O-16,3,4,CS,CS,1,2,"6-C-13(A,N)8-O-16,,SIG"
D6089002,1967,K.K.Sekharan+,0.016792,12,2,5.0e-4,1.9754e+6,5000,6013,6-C-13,A,N,8-O-16,3,4,CS,CS,1,2,"6-C-13(A,N)8-O-16,,SIG"
D6089002,1967,K.K.Sekharan+,0.018339,12,2,5.0e-4,1.9808e+6,5000,6013,6-C-13,A,N,8-O-16,3,4,CS,CS,1,2,"6-C-13(A,N)8-O-16,,SIG"
D6089002,1967,K.K.Sekharan+,0.019606,12,2,5.0e-4,1.9919e+6,5000,6013,6-C-13,A,N,8-O-16,3,4,CS,CS,1,2,"6-C-13(A,N)8-O-16,,SIG"
D6089002,1967,K.K.Sekharan+,0.021014,12,2,5.0e-4,2.0002e+6,5000,6013,6-C-13,A,N,8-O-16,3,4,CS,CS,1,2,"6-C-13(A,N)8-O-16,,SIG"
D6089002,1967,K.K.Sekharan+,0.02214,12,2,5.0e-4,2.0085e+6,5000,6013,6-C-13,A,N,8-O-16,3,4,CS,CS,1,2,"6-C-13(A,N)8-O-16,,SIG"
D6089002,1967,K.K.Sekharan+,0.023266,12,2,5.0e-4,2.0168e+6,5000,6013,6-C-13,A,N,8-O-16,3,4,CS,CS,1,2,"6-C-13(A,N)8-O-16,,SIG"
D6089002,1967,K.K.Sekharan+,0.024532,12,2,5.0e-4,2.0223e+6,5000,6013,6-C-13,A,N,8-O-16,3,4,CS,CS,1,2,"6-C-13(A,N)8-O-16,,SIG"
D6089002,1967,K.K.Sekharan+,0.025657,12,2,5.0e-4,2.0278e+6,5000,6013,6-C-13,A,N,8-O-16,3,4,CS,CS,1,2,"6-C-13(A,N)8-O-16,,SIG"
D6089002,1967,K.K.Sekharan+,0.026783,12,2,5.0e-4,2.0361e+6,5000,6013,6-C-13,A,N,8-O-16,3,4,CS,CS,1,2,"6-C-13(A,N)8-O-16,,SIG"
D6089002,1967,K.K.Sekharan+,0.028189,12,2,5.0e-4,2.0388e+6,5000,6013,6-C-13,A,N,8-O-16,3,4,CS,CS,1,2,"6-C-13(A,N)8-O-16,,SIG"
D6089002,1967,K.K.Sekharan+,0.029736,12,2,5.0e-4,2.0471e+6,5000,6013,6-C-13,A,N,8-O-16,3,4,CS,CS,1,2,"6-C-13(A,N)8-O-16,,SIG"
D6089002,1967,K.K.Sekharan+,0.031846,12,2,5.0e-4,2.0553e+6,5000,6013,6-C-13,A,N,8-O-16,3,4,CS,CS,1,2,"6-C-13(A,N)8-O-16,,SIG"
D6089002,1967,K.K.Sekharan+,0.033954,12,2,5.0e-4,2.0578e+6,5000,6013,6-C-13,A,N,8-O-16,3,4,CS,CS,1,2,"6-C-13(A,N)8-O-16,,SIG"
D6089002,1967,K.K.Sekharan+,0.035922,12,2,5.0e-4,2.0633e+6,5000,6013,6-C-13,A,N,8-O-16,3,4,CS,CS,1,2,"6-C-13(A,N)8-O-16,,SIG"
D6089002,1967,K.K.Sekharan+,0.039858,12,2,5.0e-4,2.0713e+6,5000,6013,6-C-13,A,N,8-O-16,3,4,CS,CS,1,2,"6-C-13(A,N)8-O-16,,SIG"
D6089002,1967,K.K.Sekharan+,0.038172,12,2,5.0e-4,2.0714e+6,5000,6013,6-C-13,A,N,8-O-16,3,4,CS,CS,1,2,"6-C-13(A,N)8-O-16,,SIG"
D6089002,1967,K.K.Sekharan+,0.041545,12,2,5.0e-4,2.0767e+6,5000,6013,6-C-13,A,N,8-O-16,3,4,CS,CS,1,2,"6-C-13(A,N)8-O-16,,SIG"
D6089002,1967,K.K.Sekharan+,0.043374,12,2,5.0e-4,2.0849e+6,5000,6013,6-C-13,A,N,8-O-16,3,4,CS,CS,1,2,"6-C-13(A,N)8-O-16,,SIG"
D6089002,1967,K.K.Sekharan+,0.045201,12,2,5.0e-4,2.0904e+6,5000,6013,6-C-13,A,N,8-O-16,3,4,CS,CS,1,2,"6-C-13(A,N)8-O-16,,SIG"
D6089002,1967,K.K.Sekharan+,0.046047,12,2,5.0e-4,2.0987e+6,5000,6013,6-C-13,A,N,8-O-16,3,4,CS,CS,1,2,"6-C-13(A,N)8-O-16,,SIG"
D6089002,1967,K.K.Sekharan+,0.044646,12,2,5.0e-4,2.1157e+6,5000,6013,6-C-13,A,N,8-O-16,3,4,CS,CS,1,2,"6-C-13(A,N)8-O-16,,SIG"
D6089002,1967,K.K.Sekharan+,0.043384,12,2,5.0e-4,2.1215e+6,5000,6013,6-C-13,A,N,8-O-16,3,4,CS,CS,1,2,"6-C-13(A,N)8-O-16,,SIG"
D6089002,1967,K.K.Sekharan+,0.041982,12,2,5.0e-4,2.1329e+6,5000,6013,6-C-13,A,N,8-O-16,3,4,CS,CS,1,2,"6-C-13(A,N)8-O-16,,SIG"
D6089002,1967,K.K.Sekharan+,0.040859,12,2,5.0e-4,2.1358e+6,5000,6013,6-C-13,A,N,8-O-16,3,4,CS,CS,1,2,"6-C-13(A,N)8-O-16,,SIG"
D6089002,1967,K.K.Sekharan+,0.039317,12,2,5.0e-4,2.15e+6,5000,6013,6-C-13,A,N,8-O-16,3,4,CS,CS,1,2,"6-C-13(A,N)8-O-16,,SIG"
D6089002,1967,K.K.Sekharan+,0.037776,12,2,5.0e-4,2.1643e+6,5000,6013,6-C-13,A,N,8-O-16,3,4,CS,CS,1,2,"6-C-13(A,N)8-O-16,,SIG"
D6089002,1967,K.K.Sekharan+,0.040731,12,2,5.0e-4,2.1808e+6,5000,6013,6-C-13,A,N,8-O-16,3,4,CS,CS,1,2,"6-C-13(A,N)8-O-16,,SIG"
D6089002,1967,K.K.Sekharan+,0.043824,12,2,5.0e-4,2.1917e+6,5000,6013,6-C-13,A,N,8-O-16,3,4,CS,CS,1,2,"6-C-13(A,N)8-O-16,,SIG"
D6089002,1967,K.K.Sekharan+,0.047198,12,2,5.0e-4,2.1998e+6,5000,6013,6-C-13,A,N,8-O-16,3,4,CS,CS,1,2,"6-C-13(A,N)8-O-16,,SIG"
D6089002,1967,K.K.Sekharan+,0.050713,12,2,5.0e-4,2.2078e+6,5000,6013,6-C-13,A,N,8-O-16,3,4,CS,CS,1,2,"6-C-13(A,N)8-O-16,,SIG"
D6089002,1967,K.K.Sekharan+,0.053946,12,2,5.0e-4,2.2159e+6,5000,6013,6-C-13,A,N,8-O-16,3,4,CS,CS,1,2,"6-C-13(A,N)8-O-16,,SIG"
D6089002,1967,K.K.Sekharan+,0.058021,12,2,5.0e-4,2.2211e+6,5000,6013,6-C-13,A,N,8-O-16,3,4,CS,CS,1,2,"6-C-13(A,N)8-O-16,,SIG"
D6089002,1967,K.K.Sekharan+,0.062237,12,2,5.0e-4,2.2263e+6,5000,6013,6-C-13,A,N,8-O-16,3,4,CS,CS,1,2,"6-C-13(A,N)8-O-16,,SIG"
D6089002,1967,K.K.Sekharan+,0.066313,12,2,5.0e-4,2.2343e+6,5000,6013,6-C-13,A,N,8-O-16,3,4,CS,CS,1,2,"6-C-13(A,N)8-O-16,,SIG"
D6089002,1967,K.K.Sekharan+,0.069967,12,2,5.0e-4,2.2395e+6,5000,6013,6-C-13,A,N,8-O-16,3,4,CS,CS,1,2,"6-C-13(A,N)8-O-16,,SIG"
D6089002,1967,K.K.Sekharan+,0.072356,12,2,5.0e-4,2.242e+6,5000,6013,6-C-13,A,N,8-O-16,3,4,CS,CS,1,2,"6-C-13(A,N)8-O-16,,SIG"
D6089002,1967,K.K.Sekharan+,0.073622,12,2,5.0e-4,2.2475e+6,5000,6013,6-C-13,A,N,8-O-16,3,4,CS,CS,1,2,"6-C-13(A,N)8-O-16,,SIG"
D6089002,1967,K.K.Sekharan+,0.07489,12,2,5.0e-4,2.2614e+6,5000,6013,6-C-13,A,N,8-O-16,3,4,CS,CS,1,2,"6-C-13(A,N)8-O-16,,SIG"
D6089002,1967,K.K.Sekharan+,0.073066,12,2,5.0e-4,2.2673e+6,5000,6013,6-C-13,A,N,8-O-16,3,4,CS,CS,1,2,"6-C-13(A,N)8-O-16,,SIG"
D6089002,1967,K.K.Sekharan+,0.069277,12,2,5.0e-4,2.2817e+6,5000,6013,6-C-13,A,N,8-O-16,3,4,CS,CS,1,2,"6-C-13(A,N)8-O-16,,SIG"
D6089002,1967,K.K.Sekharan+,0.066188,12,2,5.0e-4,2.2877e+6,5000,6013,6-C-13,A,N,8-O-16,3,4,CS,CS,1,2,"6-C-13(A,N)8-O-16,,SIG"
D6089002,1967,K.K.Sekharan+,0.063381,12,2,5.0e-4,2.2992e+6,5000,6013,6-C-13,A,N,8-O-16,3,4,CS,CS,1,2,"6-C-13(A,N)8-O-16,,SIG"
D6089002,1967,K.K.Sekharan+,0.060855,12,2,5.0e-4,2.308e+6,5000,6013,6-C-13,A,N,8-O-16,3,4,CS,CS,1,2,"6-C-13(A,N)8-O-16,,SIG"
D6089002,1967,K.K.Sekharan+,0.058609,12,2,5.0e-4,2.3138e+6,5000,6013,6-C-13,A,N,8-O-16,3,4,CS,CS,1,2,"6-C-13(A,N)8-O-16,,SIG"
D6089002,1967,K.K.Sekharan+,0.056925,12,2,5.0e-4,2.3224e+6,5000,6013,6-C-13,A,N,8-O-16,3,4,CS,CS,1,2,"6-C-13(A,N)8-O-16,,SIG"
D6089002,1967,K.K.Sekharan+,0.055521,12,2,5.0e-4,2.3254e+6,5000,6013,6-C-13,A,N,8-O-16,3,4,CS,CS,1,2,"6-C-13(A,N)8-O-16,,SIG"
D6089002,1967,K.K.Sekharan+,0.054399,12,2,5.0e-4,2.3312e+6,5000,6013,6-C-13,A,N,8-O-16,3,4,CS,CS,1,2,"6-C-13(A,N)8-O-16,,SIG"
D6089002,1967,K.K.Sekharan+,0.053136,12,2,5.0e-4,2.3369e+6,5000,6013,6-C-13,A,N,8-O-16,3,4,CS,CS,1,2,"6-C-13(A,N)8-O-16,,SIG"
D6089002,1967,K.K.Sekharan+,0.052015,12,2,5.0e-4,2.3483e+6,5000,6013,6-C-13,A,N,8-O-16,3,4,CS,CS,1,2,"6-C-13(A,N)8-O-16,,SIG"
D6089002,1967,K.K.Sekharan+,0.053285,12,2,5.0e-4,2.3678e+6,5000,6013,6-C-13,A,N,8-O-16,3,4,CS,CS,1,2,"6-C-13(A,N)8-O-16,,SIG"
D6089002,1967,K.K.Sekharan+,0.055253,12,2,5.0e-4,2.3732e+6,5000,6013,6-C-13,A,N,8-O-16,3,4,CS,CS,1,2,"6-C-13(A,N)8-O-16,,SIG"
D6089002,1967,K.K.Sekharan+,0.057081,12,2,5.0e-4,2.3787e+6,5000,6013,6-C-13,A,N,8-O-16,3,4,CS,CS,1,2,"6-C-13(A,N)8-O-16,,SIG"
D6089002,1967,K.K.Sekharan+,0.058487,12,2,5.0e-4,2.384e+6,5000,6013,6-C-13,A,N,8-O-16,3,4,CS,CS,1,2,"6-C-13(A,N)8-O-16,,SIG"
D6089002,1967,K.K.Sekharan+,0.059892,12,2,5.0e-4,2.3841e+6,5000,6013,6-C-13,A,N,8-O-16,3,4,CS,CS,1,2,"6-C-13(A,N)8-O-16,,SIG"
D6089002,1967,K.K.Sekharan+,0.061439,12,2,5.0e-4,2.3894e+6,5000,6013,6-C-13,A,N,8-O-16,3,4,CS,CS,1,2,"6-C-13(A,N)8-O-16,,SIG"
D6089002,1967,K.K.Sekharan+,0.063689,12,2,5.0e-4,2.3976e+6,5000,6013,6-C-13,A,N,8-O-16,3,4,CS,CS,1,2,"6-C-13(A,N)8-O-16,,SIG"
D6089002,1967,K.K.Sekharan+,0.065798,12,2,5.0e-4,2.403e+6,5000,6013,6-C-13,A,N,8-O-16,3,4,CS,CS,1,2,"6-C-13(A,N)8-O-16,,SIG"
D6089002,1967,K.K.Sekharan+,0.06819,12,2,5.0e-4,2.4168e+6,5000,6013,6-C-13,A,N,8-O-16,3,4,CS,CS,1,2,"6-C-13(A,N)8-O-16,,SIG"
D6089002,1967,K.K.Sekharan+,0.065103,12,2,5.0e-4,2.4312e+6,5000,6013,6-C-13,A,N,8-O-16,3,4,CS,CS,1,2,"6-C-13(A,N)8-O-16,,SIG"
D6089002,1967,K.K.Sekharan+,0.061172,12,2,5.0e-4,2.4401e+6,5000,6013,6-C-13,A,N,8-O-16,3,4,CS,CS,1,2,"6-C-13(A,N)8-O-16,,SIG"
D6089002,1967,K.K.Sekharan+,0.056819,12,2,5.0e-4,2.4462e+6,5000,6013,6-C-13,A,N,8-O-16,3,4,CS,CS,1,2,"6-C-13(A,N)8-O-16,,SIG"
D6089002,1967,K.K.Sekharan+,0.053027,12,2,5.0e-4,2.4522e+6,5000,6013,6-C-13,A,N,8-O-16,3,4,CS,CS,1,2,"6-C-13(A,N)8-O-16,,SIG"
D6089002,1967,K.K.Sekharan+,0.049796,12,2,5.0e-4,2.4526e+6,5000,6013,6-C-13,A,N,8-O-16,3,4,CS,CS,1,2,"6-C-13(A,N)8-O-16,,SIG"
D6089002,1967,K.K.Sekharan+,0.04727,12,2,5.0e-4,2.4613e+6,5000,6013,6-C-13,A,N,8-O-16,3,4,CS,CS,1,2,"6-C-13(A,N)8-O-16,,SIG"
D6089002,1967,K.K.Sekharan+,0.041792,12,2,5.0e-4,2.4647e+6,5000,6013,6-C-13,A,N,8-O-16,3,4,CS,CS,1,2,"6-C-13(A,N)8-O-16,,SIG"
D6089002,1967,K.K.Sekharan+,0.037582,12,2,5.0e-4,2.482e+6,5000,6013,6-C-13,A,N,8-O-16,3,4,CS,CS,1,2,"6-C-13(A,N)8-O-16,,SIG"
D6089002,1967,K.K.Sekharan+,0.034633,12,2,5.0e-4,2.4852e+6,5000,6013,6-C-13,A,N,8-O-16,3,4,CS,CS,1,2,"6-C-13(A,N)8-O-16,,SIG"
D6089002,1967,K.K.Sekharan+,0.031544,12,2,5.0e-4,2.4939e+6,5000,6013,6-C-13,A,N,8-O-16,3,4,CS,CS,1,2,"6-C-13(A,N)8-O-16,,SIG"
D6089002,1967,K.K.Sekharan+,0.030001,12,2,5.0e-4,2.4997e+6,5000,6013,6-C-13,A,N,8-O-16,3,4,CS,CS,1,2,"6-C-13(A,N)8-O-16,,SIG"
D6089002,1967,K.K.Sekharan+,0.027755,12,2,5.0e-4,2.5084e+6,5000,6013,6-C-13,A,N,8-O-16,3,4,CS,CS,1,2,"6-C-13(A,N)8-O-16,,SIG"
D6089002,1967,K.K.Sekharan+,0.026071,12,2,5.0e-4,2.5142e+6,5000,6013,6-C-13,A,N,8-O-16,3,4,CS,CS,1,2,"6-C-13(A,N)8-O-16,,SIG"
D6089002,1967,K.K.Sekharan+,0.023265,12,2,5.0e-4,2.5258e+6,5000,6013,6-C-13,A,N,8-O-16,3,4,CS,CS,1,2,"6-C-13(A,N)8-O-16,,SIG"
D6089002,1967,K.K.Sekharan+,0.02102,12,2,5.0e-4,2.5373e+6,5000,6013,6-C-13,A,N,8-O-16,3,4,CS,CS,1,2,"6-C-13(A,N)8-O-16,,SIG"
D6089002,1967,K.K.Sekharan+,0.019901,12,2,5.0e-4,2.5543e+6,5000,6013,6-C-13,A,N,8-O-16,3,4,CS,CS,1,2,"6-C-13(A,N)8-O-16,,SIG"
D6089002,1967,K.K.Sekharan+,0.022295,12,2,5.0e-4,2.5765e+6,5000,6013,6-C-13,A,N,8-O-16,3,4,CS,CS,1,2,"6-C-13(A,N)8-O-16,,SIG"
D6089002,1967,K.K.Sekharan+,0.034802,12,2,5.0e-4,2.592e+6,5000,6013,6-C-13,A,N,8-O-16,3,4,CS,CS,1,2,"6-C-13(A,N)8-O-16,,SIG"
D6089002,1967,K.K.Sekharan+,0.043097,12,2,5.0e-4,2.6136e+6,5000,6013,6-C-13,A,N,8-O-16,3,4,CS,CS,1,2,"6-C-13(A,N)8-O-16,,SIG"
D6089002,1967,K.K.Sekharan+,0.029053,12,2,5.0e-4,2.6292e+6,5000,6013,6-C-13,A,N,8-O-16,3,4,CS,CS,1,2,"6-C-13(A,N)8-O-16,,SIG"
D6089002,1967,K.K.Sekharan+,0.02498,12,2,5.0e-4,2.6352e+6,5000,6013,6-C-13,A,N,8-O-16,3,4,CS,CS,1,2,"6-C-13(A,N)8-O-16,,SIG"
D6089002,1967,K.K.Sekharan+,0.021611,12,2,5.0e-4,2.6441e+6,5000,6013,6-C-13,A,N,8-O-16,3,4,CS,CS,1,2,"6-C-13(A,N)8-O-16,,SIG"
D6089002,1967,K.K.Sekharan+,0.019647,12,2,5.0e-4,2.6527e+6,5000,6013,6-C-13,A,N,8-O-16,3,4,CS,CS,1,2,"6-C-13(A,N)8-O-16,,SIG"
D6089002,1967,K.K.Sekharan+,0.030187,12,2,5.0e-4,2.6684e+6,5000,6013,6-C-13,A,N,8-O-16,3,4,CS,CS,1,2,"6-C-13(A,N)8-O-16,,SIG"
D6089002,1967,K.K.Sekharan+,0.04438,12,2,5.0e-4,2.6809e+6,5000,6013,6-C-13,A,N,8-O-16,3,4,CS,CS,1,2,"6-C-13(A,N)8-O-16,,SIG"
D6089002,1967,K.K.Sekharan+,0.035252,12,2,5.0e-4,2.696e+6,5000,6013,6-C-13,A,N,8-O-16,3,4,CS,CS,1,2,"6-C-13(A,N)8-O-16,,SIG"
D6089002,1967,K.K.Sekharan+,0.027528,12,2,5.0e-4,2.7025e+6,5000,6013,6-C-13,A,N,8-O-16,3,4,CS,CS,1,2,"6-C-13(A,N)8-O-16,,SIG"
D6089002,1967,K.K.Sekharan+,0.023174,12,2,5.0e-4,2.7086e+6,5000,6013,6-C-13,A,N,8-O-16,3,4,CS,CS,1,2,"6-C-13(A,N)8-O-16,,SIG"
D6089002,1967,K.K.Sekharan+,0.021349,12,2,5.0e-4,2.7116e+6,5000,6013,6-C-13,A,N,8-O-16,3,4,CS,CS,1,2,"6-C-13(A,N)8-O-16,,SIG"
D6089002,1967,K.K.Sekharan+,0.020085,12,2,5.0e-4,2.7145e+6,5000,6013,6-C-13,A,N,8-O-16,3,4,CS,CS,1,2,"6-C-13(A,N)8-O-16,,SIG"
D6089002,1967,K.K.Sekharan+,0.017419,12,2,5.0e-4,2.7261e+6,5000,6013,6-C-13,A,N,8-O-16,3,4,CS,CS,1,2,"6-C-13(A,N)8-O-16,,SIG"
D6089002,1967,K.K.Sekharan+,0.023745,12,2,5.0e-4,2.7422e+6,5000,6013,6-C-13,A,N,8-O-16,3,4,CS,CS,1,2,"6-C-13(A,N)8-O-16,,SIG"
D6089002,1967,K.K.Sekharan+,0.033583,12,2,5.0e-4,2.7552e+6,5000,6013,6-C-13,A,N,8-O-16,3,4,CS,CS,1,2,"6-C-13(A,N)8-O-16,,SIG"
D6089002,1967,K.K.Sekharan+,0.036957,12,2,5.0e-4,2.7633e+6,5000,6013,6-C-13,A,N,8-O-16,3,4,CS,CS,1,2,"6-C-13(A,N)8-O-16,,SIG"
D6089002,1967,K.K.Sekharan+,0.029656,12,2,5.0e-4,2.7809e+6,5000,6013,6-C-13,A,N,8-O-16,3,4,CS,CS,1,2,"6-C-13(A,N)8-O-16,,SIG"
D6089002,1967,K.K.Sekharan+,0.061691,12,2,5.0e-4,2.7971e+6,5000,6013,6-C-13,A,N,8-O-16,3,4,CS,CS,1,2,"6-C-13(A,N)8-O-16,,SIG"
D6089002,1967,K.K.Sekharan+,0.081644,12,2,5.0e-4,2.8146e+6,5000,6013,6-C-13,A,N,8-O-16,3,4,CS,CS,1,2,"6-C-13(A,N)8-O-16,,SIG"
D6089002,1967,K.K.Sekharan+,0.056643,12,2,5.0e-4,2.8314e+6,5000,6013,6-C-13,A,N,8-O-16,3,4,CS,CS,1,2,"6-C-13(A,N)8-O-16,,SIG"
D6089002,1967,K.K.Sekharan+,0.031496,12,2,5.0e-4,2.8314e+6,5000,6013,6-C-13,A,N,8-O-16,3,4,CS,CS,1,2,"6-C-13(A,N)8-O-16,,SIG"
D6089002,1967,K.K.Sekharan+,0.040769,12,2,5.0e-4,2.8332e+6,5000,6013,6-C-13,A,N,8-O-16,3,4,CS,CS,1,2,"6-C-13(A,N)8-O-16,,SIG"
D6089002,1967,K.K.Sekharan+,0.023914,12,2,5.0e-4,2.8462e+6,5000,6013,6-C-13,A,N,8-O-16,3,4,CS,CS,1,2,"6-C-13(A,N)8-O-16,,SIG"
D6089002,1967,K.K.Sekharan+,0.01872,12,2,5.0e-4,2.8609e+6,5000,6013,6-C-13,A,N,8-O-16,3,4,CS,CS,1,2,"6-C-13(A,N)8-O-16,,SIG"
D6089002,1967,K.K.Sekharan+,0.016198,12,2,5.0e-4,2.8836e+6,5000,6013,6-C-13,A,N,8-O-16,3,4,CS,CS,1,2,"6-C-13(A,N)8-O-16,,SIG"
D6089002,1967,K.K.Sekharan+,0.015502,12,2,5.0e-4,2.9062e+6,5000,6013,6-C-13,A,N,8-O-16,3,4,CS,CS,1,2,"6-C-13(A,N)8-O-16,,SIG"
D6089002,1967,K.K.Sekharan+,0.015228,12,2,5.0e-4,2.9344e+6,5000,6013,6-C-13,A,N,8-O-16,3,4,CS,CS,1,2,"6-C-13(A,N)8-O-16,,SIG"
D6089002,1967,K.K.Sekharan+,0.016079,12,2,5.0e-4,2.9624e+6,5000,6013,6-C-13,A,N,8-O-16,3,4,CS,CS,1,2,"6-C-13(A,N)8-O-16,,SIG"
D6089002,1967,K.K.Sekharan+,0.017769,12,2,5.0e-4,2.9791e+6,5000,6013,6-C-13,A,N,8-O-16,3,4,CS,CS,1,2,"6-C-13(A,N)8-O-16,,SIG"
D6089002,1967,K.K.Sekharan+,0.019741,12,2,5.0e-4,2.9985e+6,5000,6013,6-C-13,A,N,8-O-16,3,4,CS,CS,1,2,"6-C-13(A,N)8-O-16,,SIG"
D6089002,1967,K.K.Sekharan+,0.022695,12,2,5.0e-4,3.0123e+6,5000,6013,6-C-13,A,N,8-O-16,3,4,CS,CS,1,2,"6-C-13(A,N)8-O-16,,SIG"
D6089002,1967,K.K.Sekharan+,0.031972,12,2,5.0e-4,3.0281e+6,5000,6013,6-C-13,A,N,8-O-16,3,4,CS,CS,1,2,"6-C-13(A,N)8-O-16,,SIG"
D6089002,1967,K.K.Sekharan+,0.036327,12,2,5.0e-4,3.0305e+6,5000,6013,6-C-13,A,N,8-O-16,3,4,CS,CS,1,2,"6-C-13(A,N)8-O-16,,SIG"
D6089002,1967,K.K.Sekharan+,0.04195,12,2,5.0e-4,3.0439e+6,5000,6013,6-C-13,A,N,8-O-16,3,4,CS,CS,1,2,"6-C-13(A,N)8-O-16,,SIG"
D6089002,1967,K.K.Sekharan+,0.048555,12,2,5.0e-4,3.0516e+6,5000,6013,6-C-13,A,N,8-O-16,3,4,CS,CS,1,2,"6-C-13(A,N)8-O-16,,SIG"
D6089002,1967,K.K.Sekharan+,0.052631,12,2,5.0e-4,3.0596e+6,5000,6013,6-C-13,A,N,8-O-16,3,4,CS,CS,1,2,"6-C-13(A,N)8-O-16,,SIG"
D6089002,1967,K.K.Sekharan+,0.048562,12,2,5.0e-4,3.0769e+6,5000,6013,6-C-13,A,N,8-O-16,3,4,CS,CS,1,2,"6-C-13(A,N)8-O-16,,SIG"
D6089002,1967,K.K.Sekharan+,0.043929,12,2,5.0e-4,3.0887e+6,5000,6013,6-C-13,A,N,8-O-16,3,4,CS,CS,1,2,"6-C-13(A,N)8-O-16,,SIG"
D6089002,1967,K.K.Sekharan+,0.03129,12,2,5.0e-4,3.1041e+6,5000,6013,6-C-13,A,N,8-O-16,3,4,CS,CS,1,2,"6-C-13(A,N)8-O-16,,SIG"
D6089002,1967,K.K.Sekharan+,0.029745,12,2,5.0e-4,3.1071e+6,5000,6013,6-C-13,A,N,8-O-16,3,4,CS,CS,1,2,"6-C-13(A,N)8-O-16,,SIG"
D6089002,1967,K.K.Sekharan+,0.027221,12,2,5.0e-4,3.1243e+6,5000,6013,6-C-13,A,N,8-O-16,3,4,CS,CS,1,2,"6-C-13(A,N)8-O-16,,SIG"
D6089002,1967,K.K.Sekharan+,0.028913,12,2,5.0e-4,3.1438e+6,5000,6013,6-C-13,A,N,8-O-16,3,4,CS,CS,1,2,"6-C-13(A,N)8-O-16,,SIG"
D6089002,1967,K.K.Sekharan+,0.03074,12,2,5.0e-4,3.1492e+6,5000,6013,6-C-13,A,N,8-O-16,3,4,CS,CS,1,2,"6-C-13(A,N)8-O-16,,SIG"
D6089002,1967,K.K.Sekharan+,0.033134,12,2,5.0e-4,3.1686e+6,5000,6013,6-C-13,A,N,8-O-16,3,4,CS,CS,1,2,"6-C-13(A,N)8-O-16,,SIG"
D6089002,1967,K.K.Sekharan+,0.035104,12,2,5.0e-4,3.1796e+6,5000,6013,6-C-13,A,N,8-O-16,3,4,CS,CS,1,2,"6-C-13(A,N)8-O-16,,SIG"
D6089002,1967,K.K.Sekharan+,0.037355,12,2,5.0e-4,3.1934e+6,5000,6013,6-C-13,A,N,8-O-16,3,4,CS,CS,1,2,"6-C-13(A,N)8-O-16,,SIG"
D6089002,1967,K.K.Sekharan+,0.039887,12,2,5.0e-4,3.2044e+6,5000,6013,6-C-13,A,N,8-O-16,3,4,CS,CS,1,2,"6-C-13(A,N)8-O-16,,SIG"
D6089002,1967,K.K.Sekharan+,0.043404,12,2,5.0e-4,3.2209e+6,5000,6013,6-C-13,A,N,8-O-16,3,4,CS,CS,1,2,"6-C-13(A,N)8-O-16,,SIG"
D6089002,1967,K.K.Sekharan+,0.046356,12,2,5.0e-4,3.229e+6,5000,6013,6-C-13,A,N,8-O-16,3,4,CS,CS,1,2,"6-C-13(A,N)8-O-16,,SIG"
D6089002,1967,K.K.Sekharan+,0.05535,12,2,5.0e-4,3.2393e+6,5000,6013,6-C-13,A,N,8-O-16,3,4,CS,CS,1,2,"6-C-13(A,N)8-O-16,,SIG"
D6089002,1967,K.K.Sekharan+,0.063078,12,2,5.0e-4,3.2469e+6,5000,6013,6-C-13,A,N,8-O-16,3,4,CS,CS,1,2,"6-C-13(A,N)8-O-16,,SIG"
D6089002,1967,K.K.Sekharan+,0.068702,12,2,5.0e-4,3.2631e+6,5000,6013,6-C-13,A,N,8-O-16,3,4,CS,CS,1,2,"6-C-13(A,N)8-O-16,,SIG"
D6089002,1967,K.K.Sekharan+,0.071093,12,2,5.0e-4,3.2713e+6,5000,6013,6-C-13,A,N,8-O-16,3,4,CS,CS,1,2,"6-C-13(A,N)8-O-16,,SIG"
D6089002,1967,K.K.Sekharan+,0.080507,12,2,5.0e-4,3.2787e+6,5000,6013,6-C-13,A,N,8-O-16,3,4,CS,CS,1,2,"6-C-13(A,N)8-O-16,,SIG"
D6089002,1967,K.K.Sekharan+,0.084162,12,2,5.0e-4,3.2867e+6,5000,6013,6-C-13,A,N,8-O-16,3,4,CS,CS,1,2,"6-C-13(A,N)8-O-16,,SIG"
D6089002,1967,K.K.Sekharan+,0.089925,12,2,5.0e-4,3.2973e+6,5000,6013,6-C-13,A,N,8-O-16,3,4,CS,CS,1,2,"6-C-13(A,N)8-O-16,,SIG"
D6089002,1967,K.K.Sekharan+,0.098498,12,2,5.0e-4,3.3105e+6,5000,6013,6-C-13,A,N,8-O-16,3,4,CS,CS,1,2,"6-C-13(A,N)8-O-16,,SIG"
D6089002,1967,K.K.Sekharan+,0.10131,12,2,5.0e-4,3.313e+6,5000,6013,6-C-13,A,N,8-O-16,3,4,CS,CS,1,2,"6-C-13(A,N)8-O-16,,SIG"
D6089002,1967,K.K.Sekharan+,0.1044,12,2,5.0e-4,3.3295e+6,5000,6013,6-C-13,A,N,8-O-16,3,4,CS,CS,1,2,"6-C-13(A,N)8-O-16,,SIG"
D6089002,1967,K.K.Sekharan+,0.094854,12,2,5.0e-4,3.3418e+6,5000,6013,6-C-13,A,N,8-O-16,3,4,CS,CS,1,2,"6-C-13(A,N)8-O-16,,SIG"
D6089002,1967,K.K.Sekharan+,0.093168,12,2,5.0e-4,3.342e+6,5000,6013,6-C-13,A,N,8-O-16,3,4,CS,CS,1,2,"6-C-13(A,N)8-O-16,,SIG"
D6089002,1967,K.K.Sekharan+,0.085024,12,2,5.0e-4,3.3569e+6,5000,6013,6-C-13,A,N,8-O-16,3,4,CS,CS,1,2,"6-C-13(A,N)8-O-16,,SIG"
D6089002,1967,K.K.Sekharan+,0.076036,12,2,5.0e-4,3.3663e+6,5000,6013,6-C-13,A,N,8-O-16,3,4,CS,CS,1,2,"6-C-13(A,N)8-O-16,,SIG"
D6089002,1967,K.K.Sekharan+,0.072666,12,2,5.0e-4,3.3723e+6,5000,6013,6-C-13,A,N,8-O-16,3,4,CS,CS,1,2,"6-C-13(A,N)8-O-16,,SIG"
D6089002,1967,K.K.Sekharan+,0.069438,12,2,5.0e-4,3.3839e+6,5000,6013,6-C-13,A,N,8-O-16,3,4,CS,CS,1,2,"6-C-13(A,N)8-O-16,,SIG"
D6089002,1967,K.K.Sekharan+,0.073936,12,2,5.0e-4,3.3947e+6,5000,6013,6-C-13,A,N,8-O-16,3,4,CS,CS,1,2,"6-C-13(A,N)8-O-16,,SIG"
D6089002,1967,K.K.Sekharan+,0.084055,12,2,5.0e-4,3.4105e+6,5000,6013,6-C-13,A,N,8-O-16,3,4,CS,CS,1,2,"6-C-13(A,N)8-O-16,,SIG"
D6089002,1967,K.K.Sekharan+,0.088693,12,2,5.0e-4,3.4156e+6,5000,6013,6-C-13,A,N,8-O-16,3,4,CS,CS,1,2,"6-C-13(A,N)8-O-16,,SIG"
D6089002,1967,K.K.Sekharan+,0.092068,12,2,5.0e-4,3.4293e+6,5000,6013,6-C-13,A,N,8-O-16,3,4,CS,CS,1,2,"6-C-13(A,N)8-O-16,,SIG"
D6089002,1967,K.K.Sekharan+,0.074649,12,2,5.0e-4,3.434e+6,5000,6013,6-C-13,A,N,8-O-16,3,4,CS,CS,1,2,"6-C-13(A,N)8-O-16,,SIG"
D6089002,1967,K.K.Sekharan+,0.059337,12,2,5.0e-4,3.4357e+6,5000,6013,6-C-13,A,N,8-O-16,3,4,CS,CS,1,2,"6-C-13(A,N)8-O-16,,SIG"
D6089002,1967,K.K.Sekharan+,0.047679,12,2,5.0e-4,3.4454e+6,5000,6013,6-C-13,A,N,8-O-16,3,4,CS,CS,1,2,"6-C-13(A,N)8-O-16,,SIG"
D6089002,1967,K.K.Sekharan+,0.037425,12,2,5.0e-4,3.4493e+6,5000,6013,6-C-13,A,N,8-O-16,3,4,CS,CS,1,2,"6-C-13(A,N)8-O-16,,SIG"
D6089002,1967,K.K.Sekharan+,0.031245,12,2,5.0e-4,3.4528e+6,5000,6013,6-C-13,A,N,8-O-16,3,4,CS,CS,1,2,"6-C-13(A,N)8-O-16,,SIG"
D6089002,1967,K.K.Sekharan+,0.024083,12,2,5.0e-4,3.462e+6,5000,6013,6-C-13,A,N,8-O-16,3,4,CS,CS,1,2,"6-C-13(A,N)8-O-16,,SIG"
D6089002,1967,K.K.Sekharan+,0.022399,12,2,5.0e-4,3.4678e+6,5000,6013,6-C-13,A,N,8-O-16,3,4,CS,CS,1,2,"6-C-13(A,N)8-O-16,,SIG"
D6089002,1967,K.K.Sekharan+,0.017766,12,2,5.0e-4,3.4796e+6,5000,6013,6-C-13,A,N,8-O-16,3,4,CS,CS,1,2,"6-C-13(A,N)8-O-16,,SIG"
D6089002,1967,K.K.Sekharan+,0.014537,12,2,5.0e-4,3.4884e+6,5000,6013,6-C-13,A,N,8-O-16,3,4,CS,CS,1,2,"6-C-13(A,N)8-O-16,,SIG"
D6089002,1967,K.K.Sekharan+,0.012573,12,2,5.0e-4,3.497e+6,5000,6013,6-C-13,A,N,8-O-16,3,4,CS,CS,1,2,"6-C-13(A,N)8-O-16,,SIG"
D6089002,1967,K.K.Sekharan+,0.01117,12,2,5.0e-4,3.5056e+6,5000,6013,6-C-13,A,N,8-O-16,3,4,CS,CS,1,2,"6-C-13(A,N)8-O-16,,SIG"
D6089002,1967,K.K.Sekharan+,0.0093462,12,2,5.0e-4,3.5142e+6,5000,6013,6-C-13,A,N,8-O-16,3,4,CS,CS,1,2,"6-C-13(A,N)8-O-16,,SIG"
D6089002,1967,K.K.Sekharan+,0.0073841,12,2,5.0e-4,3.5313e+6,5000,6013,6-C-13,A,N,8-O-16,3,4,CS,CS,1,2,"6-C-13(A,N)8-O-16,,SIG"
D6089002,1967,K.K.Sekharan+,0.0064031,12,2,5.0e-4,3.5399e+6,5000,6013,6-C-13,A,N,8-O-16,3,4,CS,CS,1,2,"6-C-13(A,N)8-O-16,,SIG"
D6089002,1967,K.K.Sekharan+,0.0051426,12,2,5.0e-4,3.5541e+6,5000,6013,6-C-13,A,N,8-O-16,3,4,CS,CS,1,2,"6-C-13(A,N)8-O-16,,SIG"
D6089002,1967,K.K.Sekharan+,0.0036027,12,2,5.0e-4,3.5739e+6,5000,6013,6-C-13,A,N,8-O-16,3,4,CS,CS,1,2,"6-C-13(A,N)8-O-16,,SIG"
D6089002,1967,K.K.Sekharan+,0.0026248,12,2,5.0e-4,3.5937e+6,5000,6013,6-C-13,A,N,8-O-16,3,4,CS,CS,1,2,"6-C-13(A,N)8-O-16,,SIG"
D6089002,1967,K.K.Sekharan+,0.001646,12,2,5.0e-4,3.6107e+6,5000,6013,6-C-13,A,N,8-O-16,3,4,CS,CS,1,2,"6-C-13(A,N)8-O-16,,SIG"
D6089002,1967,K.K.Sekharan+,0.0024935,12,2,5.0e-4,3.6275e+6,5000,6013,6-C-13,A,N,8-O-16,3,4,CS,CS,1,2,"6-C-13(A,N)8-O-16,,SIG"
D6089002,1967,K.K.Sekharan+,0.0038991,12,2,5.0e-4,3.6301e+6,5000,6013,6-C-13,A,N,8-O-16,3,4,CS,CS,1,2,"6-C-13(A,N)8-O-16,,SIG"
D6089002,1967,K.K.Sekharan+,0.0057299,12,2,5.0e-4,3.6468e+6,5000,6013,6-C-13,A,N,8-O-16,3,4,CS,CS,1,2,"6-C-13(A,N)8-O-16,,SIG"
D6089002,1967,K.K.Sekharan+,0.0032097,12,2,5.0e-4,3.678e+6,5000,6013,6-C-13,A,N,8-O-16,3,4,CS,CS,1,2,"6-C-13(A,N)8-O-16,,SIG"
D6089002,1967,K.K.Sekharan+,0.0047581,12,2,5.0e-4,3.6891e+6,5000,6013,6-C-13,A,N,8-O-16,3,4,CS,CS,1,2,"6-C-13(A,N)8-O-16,,SIG"
D6089002,1967,K.K.Sekharan+,0.0098169,12,2,5.0e-4,3.6941e+6,5000,6013,6-C-13,A,N,8-O-16,3,4,CS,CS,1,2,"6-C-13(A,N)8-O-16,,SIG"
D6089002,1967,K.K.Sekharan+,0.022044,12,2,5.0e-4,3.7125e+6,5000,6013,6-C-13,A,N,8-O-16,3,4,CS,CS,1,2,"6-C-13(A,N)8-O-16,,SIG"
D6089002,1967,K.K.Sekharan+,0.016849,12,2,5.0e-4,3.7215e+6,5000,6013,6-C-13,A,N,8-O-16,3,4,CS,CS,1,2,"6-C-13(A,N)8-O-16,,SIG"
D6089002,1967,K.K.Sekharan+,0.0098277,12,2,5.0e-4,3.7335e+6,5000,6013,6-C-13,A,N,8-O-16,3,4,CS,CS,1,2,"6-C-13(A,N)8-O-16,,SIG"
D6089002,1967,K.K.Sekharan+,0.0053331,12,2,5.0e-4,3.7368e+6,5000,6013,6-C-13,A,N,8-O-16,3,4,CS,CS,1,2,"6-C-13(A,N)8-O-16,,SIG"
D6089002,1967,K.K.Sekharan+,0.001131,12,2,5.0e-4,3.7823e+6,5000,6013,6-C-13,A,N,8-O-16,3,4,CS,CS,1,2,"6-C-13(A,N)8-O-16,,SIG"
D6089002,1967,K.K.Sekharan+,2.5454e-5,12,2,5.0e-4,3.8527e+6,5000,6013,6-C-13,A,N,8-O-16,3,4,CS,CS,1,2,"6-C-13(A,N)8-O-16,,SIG"
D6089002,1967,K.K.Sekharan+,1.769e-4,12,2,5.0e-4,3.8892e+6,5000,6013,6-C-13,A,N,8-O-16,3,4,CS,CS,1,2,"6-C-13(A,N)8-O-16,,SIG"
D6089002,1967,K.K.Sekharan+,0.0010275,12,2,5.0e-4,3.9172e+6,5000,6013,6-C-13,A,N,8-O-16,3,4,CS,CS,1,2,"6-C-13(A,N)8-O-16,,SIG"
D6089002,1967,K.K.Sekharan+,4.7324e-4,12,2,5.0e-4,3.9454e+6,5000,6013,6-C-13,A,N,8-O-16,3,4,CS,CS,1,2,"6-C-13(A,N)8-O-16,,SIG"
D6089002,1967,K.K.Sekharan+,6.2218e-4,12,2,5.0e-4,3.9763e+6,5000,6013,6-C-13,A,N,8-O-16,3,4,CS,CS,1,2,"6-C-13(A,N)8-O-16,,SIG"
D6089002,1967,K.K.Sekharan+,0.0013315,12,2,5.0e-4,4.0016e+6,5000,6013,6-C-13,A,N,8-O-16,3,4,CS,CS,1,2,"6-C-13(A,N)8-O-16,,SIG"
D6089002,1967,K.K.Sekharan+,0.003025,12,2,5.0e-4,4.0295e+6,5000,6013,6-C-13,A,N,8-O-16,3,4,CS,CS,1,2,"6-C-13(A,N)8-O-16,,SIG"
D6089002,1967,K.K.Sekharan+,0.0042985,12,2,5.0e-4,4.0631e+6,5000,6013,6-C-13,A,N,8-O-16,3,4,CS,CS,1,2,"6-C-13(A,N)8-O-16,,SIG"
D6089002,1967,K.K.Sekharan+,0.010345,12,2,5.0e-4,4.0821e+6,5000,6013,6-C-13,A,N,8-O-16,3,4,CS,CS,1,2,"6-C-13(A,N)8-O-16,,SIG"
D6089002,1967,K.K.Sekharan+,0.015829,12,2,5.0e-4,4.104e+6,5000,6013,6-C-13,A,N,8-O-16,3,4,CS,CS,1,2,"6-C-13(A,N)8-O-16,,SIG"
D6089002,1967,K.K.Sekharan+,0.013444,12,2,5.0e-4,4.1155e+6,5000,6013,6-C-13,A,N,8-O-16,3,4,CS,CS,1,2,"6-C-13(A,N)8-O-16,,SIG"
D6089002,1967,K.K.Sekharan+,0.010778,12,2,5.0e-4,4.1271e+6,5000,6013,6-C-13,A,N,8-O-16,3,4,CS,CS,1,2,"6-C-13(A,N)8-O-16,,SIG"
D6089002,1967,K.K.Sekharan+,0.0081099,12,2,5.0e-4,4.1302e+6,5000,6013,6-C-13,A,N,8-O-16,3,4,CS,CS,1,2,"6-C-13(A,N)8-O-16,,SIG"
D6089002,1967,K.K.Sekharan+,0.0054462,12,2,5.0e-4,4.1501e+6,5000,6013,6-C-13,A,N,8-O-16,3,4,CS,CS,1,2,"6-C-13(A,N)8-O-16,,SIG"
D6089002,1967,K.K.Sekharan+,0.0043293,12,2,5.0e-4,4.1756e+6,5000,6013,6-C-13,A,N,8-O-16,3,4,CS,CS,1,2,"6-C-13(A,N)8-O-16,,SIG"
D6089002,1967,K.K.Sekharan+,0.0037751,12,2,5.0e-4,4.2037e+6,5000,6013,6-C-13,A,N,8-O-16,3,4,CS,CS,1,2,"6-C-13(A,N)8-O-16,,SIG"
D6089002,1967,K.K.Sekharan+,0.0036415,12,2,5.0e-4,4.2291e+6,5000,6013,6-C-13,A,N,8-O-16,3,4,CS,CS,1,2,"6-C-13(A,N)8-O-16,,SIG"
D6089002,1967,K.K.Sekharan+,0.0036492,12,2,5.0e-4,4.2572e+6,5000,6013,6-C-13,A,N,8-O-16,3,4,CS,CS,1,2,"6-C-13(A,N)8-O-16,,SIG"
D6089002,1967,K.K.Sekharan+,0.0036569,12,2,5.0e-4,4.2853e+6,5000,6013,6-C-13,A,N,8-O-16,3,4,CS,CS,1,2,"6-C-13(A,N)8-O-16,,SIG"
D6089002,1967,K.K.Sekharan+,0.0045075,12,2,5.0e-4,4.3133e+6,5000,6013,6-C-13,A,N,8-O-16,3,4,CS,CS,1,2,"6-C-13(A,N)8-O-16,,SIG"
D6089002,1967,K.K.Sekharan+,0.0060581,12,2,5.0e-4,4.3328e+6,5000,6013,6-C-13,A,N,8-O-16,3,4,CS,CS,1,2,"6-C-13(A,N)8-O-16,,SIG"
D6089002,1967,K.K.Sekharan+,0.0070453,12,2,5.0e-4,4.3468e+6,5000,6013,6-C-13,A,N,8-O-16,3,4,CS,CS,1,2,"6-C-13(A,N)8-O-16,,SIG"
D6089002,1967,K.K.Sekharan+,0.0092945,12,2,5.0e-4,4.3522e+6,5000,6013,6-C-13,A,N,8-O-16,3,4,CS,CS,1,2,"6-C-13(A,N)8-O-16,,SIG"
D6089002,1967,K.K.Sekharan+,0.011543,12,2,5.0e-4,4.3547e+6,5000,6013,6-C-13,A,N,8-O-16,3,4,CS,CS,1,2,"6-C-13(A,N)8-O-16,,SIG"
D6089002,1967,K.K.Sekharan+,0.017866,12,2,5.0e-4,4.3597e+6,5000,6013,6-C-13,A,N,8-O-16,3,4,CS,CS,1,2,"6-C-13(A,N)8-O-16,,SIG"
D6089002,1967,K.K.Sekharan+,0.028544,12,2,5.0e-4,4.3641e+6,5000,6013,6-C-13,A,N,8-O-16,3,4,CS,CS,1,2,"6-C-13(A,N)8-O-16,,SIG"
D6089002,1967,K.K.Sekharan+,0.048356,12,2,5.0e-4,4.3788e+6,5000,6013,6-C-13,A,N,8-O-16,3,4,CS,CS,1,2,"6-C-13(A,N)8-O-16,,SIG"
D6089002,1967,K.K.Sekharan+,0.06873,12,2,5.0e-4,4.3906e+6,5000,6013,6-C-13,A,N,8-O-16,3,4,CS,CS,1,2,"6-C-13(A,N)8-O-16,,SIG"
D6089002,1967,K.K.Sekharan+,0.075335,12,2,5.0e-4,4.4012e+6,5000,6013,6-C-13,A,N,8-O-16,3,4,CS,CS,1,2,"6-C-13(A,N)8-O-16,,SIG"
D6089002,1967,K.K.Sekharan+,0.06017,12,2,5.0e-4,4.4281e+6,5000,6013,6-C-13,A,N,8-O-16,3,4,CS,CS,1,2,"6-C-13(A,N)8-O-16,,SIG"
D6089002,1967,K.K.Sekharan+,0.051461,12,2,5.0e-4,4.4291e+6,5000,6013,6-C-13,A,N,8-O-16,3,4,CS,CS,1,2,"6-C-13(A,N)8-O-16,,SIG"
D6089002,1967,K.K.Sekharan+,0.044157,12,2,5.0e-4,4.4327e+6,5000,6013,6-C-13,A,N,8-O-16,3,4,CS,CS,1,2,"6-C-13(A,N)8-O-16,,SIG"
D6089002,1967,K.K.Sekharan+,0.027581,12,2,5.0e-4,4.4373e+6,5000,6013,6-C-13,A,N,8-O-16,3,4,CS,CS,1,2,"6-C-13(A,N)8-O-16,,SIG"
D6089002,1967,K.K.Sekharan+,0.018029,12,2,5.0e-4,4.4412e+6,5000,6013,6-C-13,A,N,8-O-16,3,4,CS,CS,1,2,"6-C-13(A,N)8-O-16,,SIG"
D6089002,1967,K.K.Sekharan+,0.013676,12,2,5.0e-4,4.4501e+6,5000,6013,6-C-13,A,N,8-O-16,3,4,CS,CS,1,2,"6-C-13(A,N)8-O-16,,SIG"
D6089002,1967,K.K.Sekharan+,0.010309,12,2,5.0e-4,4.4673e+6,5000,6013,6-C-13,A,N,8-O-16,3,4,CS,CS,1,2,"6-C-13(A,N)8-O-16,,SIG"
D6089002,1967,K.K.Sekharan+,0.0076434,12,2,5.0e-4,4.4789e+6,5000,6013,6-C-13,A,N,8-O-16,3,4,CS,CS,1,2,"6-C-13(A,N)8-O-16,,SIG"
D6089002,1967,K.K.Sekharan+,0.0063806,12,2,5.0e-4,4.4846e+6,5000,6013,6-C-13,A,N,8-O-16,3,4,CS,CS,1,2,"6-C-13(A,N)8-O-16,,SIG"
D6089002,1967,K.K.Sekharan+,0.0052591,12,2,5.0e-4,4.4932e+6,5000,6013,6-C-13,A,N,8-O-16,3,4,CS,CS,1,2,"6-C-13(A,N)8-O-16,,SIG"
D6089002,1967,K.K.Sekharan+,0.0035764,12,2,5.0e-4,4.5046e+6,5000,6013,6-C-13,A,N,8-O-16,3,4,CS,CS,1,2,"6-C-13(A,N)8-O-16,,SIG"
D6089002,1967,K.K.Sekharan+,0.0030214,12,2,5.0e-4,4.53e+6,5000,6013,6-C-13,A,N,8-O-16,3,4,CS,CS,1,2,"6-C-13(A,N)8-O-16,,SIG"
D6089002,1967,K.K.Sekharan+,0.0057005,12,2,5.0e-4,4.5663e+6,5000,6013,6-C-13,A,N,8-O-16,3,4,CS,CS,1,2,"6-C-13(A,N)8-O-16,,SIG"
D6089002,1967,K.K.Sekharan+,0.013711,12,2,5.0e-4,4.5766e+6,5000,6013,6-C-13,A,N,8-O-16,3,4,CS,CS,1,2,"6-C-13(A,N)8-O-16,,SIG"
D6089002,1967,K.K.Sekharan+,0.062323,12,2,5.0e-4,4.5938e+6,5000,6013,6-C-13,A,N,8-O-16,3,4,CS,CS,1,2,"6-C-13(A,N)8-O-16,,SIG"
D6089002,1967,K.K.Sekharan+,0.066399,12,2,5.0e-4,4.599e+6,5000,6013,6-C-13,A,N,8-O-16,3,4,CS,CS,1,2,"6-C-13(A,N)8-O-16,,SIG"
D6089002,1967,K.K.Sekharan+,0.052778,12,2,5.0e-4,4.623e+6,5000,6013,6-C-13,A,N,8-O-16,3,4,CS,CS,1,2,"6-C-13(A,N)8-O-16,,SIG"
D6089002,1967,K.K.Sekharan+,0.037467,12,2,5.0e-4,4.6274e+6,5000,6013,6-C-13,A,N,8-O-16,3,4,CS,CS,1,2,"6-C-13(A,N)8-O-16,,SIG"
D6089002,1967,K.K.Sekharan+,0.025948,12,2,5.0e-4,4.6315e+6,5000,6013,6-C-13,A,N,8-O-16,3,4,CS,CS,1,2,"6-C-13(A,N)8-O-16,,SIG"
D6089002,1967,K.K.Sekharan+,0.018785,12,2,5.0e-4,4.6379e+6,5000,6013,6-C-13,A,N,8-O-16,3,4,CS,CS,1,2,"6-C-13(A,N)8-O-16,,SIG"
D6089002,1967,K.K.Sekharan+,0.016821,12,2,5.0e-4,4.6466e+6,5000,6013,6-C-13,A,N,8-O-16,3,4,CS,CS,1,2,"6-C-13(A,N)8-O-16,,SIG"
D6089002,1967,K.K.Sekharan+,0.014158,12,2,5.0e-4,4.6694e+6,5000,6013,6-C-13,A,N,8-O-16,3,4,CS,CS,1,2,"6-C-13(A,N)8-O-16,,SIG"
D6089002,1967,K.K.Sekharan+,0.015708,12,2,5.0e-4,4.6861e+6,5000,6013,6-C-13,A,N,8-O-16,3,4,CS,CS,1,2,"6-C-13(A,N)8-O-16,,SIG"
D6089002,1967,K.K.Sekharan+,0.017396,12,2,5.0e-4,4.6971e+6,5000,6013,6-C-13,A,N,8-O-16,3,4,CS,CS,1,2,"6-C-13(A,N)8-O-16,,SIG"
D6089002,1967,K.K.Sekharan+,0.019367,12,2,5.0e-4,4.711e+6,5000,6013,6-C-13,A,N,8-O-16,3,4,CS,CS,1,2,"6-C-13(A,N)8-O-16,,SIG"
D6089002,1967,K.K.Sekharan+,0.021197,12,2,5.0e-4,4.7248e+6,5000,6013,6-C-13,A,N,8-O-16,3,4,CS,CS,1,2,"6-C-13(A,N)8-O-16,,SIG"
D6089002,1967,K.K.Sekharan+,0.021905,12,2,5.0e-4,4.7444e+6,5000,6013,6-C-13,A,N,8-O-16,3,4,CS,CS,1,2,"6-C-13(A,N)8-O-16,,SIG"
D6089002,1967,K.K.Sekharan+,0.021633,12,2,5.0e-4,4.7782e+6,5000,6013,6-C-13,A,N,8-O-16,3,4,CS,CS,1,2,"6-C-13(A,N)8-O-16,,SIG"
D6089002,1967,K.K.Sekharan+,0.021639,12,2,5.0e-4,4.8007e+6,5000,6013,6-C-13,A,N,8-O-16,3,4,CS,CS,1,2,"6-C-13(A,N)8-O-16,,SIG"
D6089002,1967,K.K.Sekharan+,0.021229,12,2,5.0e-4,4.8401e+6,5000,6013,6-C-13,A,N,8-O-16,3,4,CS,CS,1,2,"6-C-13(A,N)8-O-16,,SIG"
D6089002,1967,K.K.Sekharan+,0.02039,12,2,5.0e-4,4.8571e+6,5000,6013,6-C-13,A,N,8-O-16,3,4,CS,CS,1,2,"6-C-13(A,N)8-O-16,,SIG"
D6089002,1967,K.K.Sekharan+,0.018568,12,2,5.0e-4,4.8713e+6,5000,6013,6-C-13,A,N,8-O-16,3,4,CS,CS,1,2,"6-C-13(A,N)8-O-16,,SIG"
D6089002,1967,K.K.Sekharan+,0.018156,12,2,5.0e-4,4.9051e+6,5000,6013,6-C-13,A,N,8-O-16,3,4,CS,CS,1,2,"6-C-13(A,N)8-O-16,,SIG"
D6089002,1967,K.K.Sekharan+,0.026033,12,2,5.0e-4,4.9436e+6,5000,6013,6-C-13,A,N,8-O-16,3,4,CS,CS,1,2,"6-C-13(A,N)8-O-16,,SIG"
D6089002,1967,K.K.Sekharan+,0.031653,12,2,5.0e-4,4.9458e+6,5000,6013,6-C-13,A,N,8-O-16,3,4,CS,CS,1,2,"6-C-13(A,N)8-O-16,,SIG"
D6089002,1967,K.K.Sekharan+,0.038118,12,2,5.0e-4,4.9535e+6,5000,6013,6-C-13,A,N,8-O-16,3,4,CS,CS,1,2,"6-C-13(A,N)8-O-16,,SIG"
D6089002,1967,K.K.Sekharan+,0.045707,12,2,5.0e-4,4.964e+6,5000,6013,6-C-13,A,N,8-O-16,3,4,CS,CS,1,2,"6-C-13(A,N)8-O-16,,SIG"
D6089002,1967,K.K.Sekharan+,0.062146,12,2,5.0e-4,4.9734e+6,5000,6013,6-C-13,A,N,8-O-16,3,4,CS,CS,1,2,"6-C-13(A,N)8-O-16,,SIG"
D6089002,1967,K.K.Sekharan+,0.073669,12,2,5.0e-4,4.9862e+6,5000,6013,6-C-13,A,N,8-O-16,3,4,CS,CS,1,2,"6-C-13(A,N)8-O-16,,SIG"
D6089002,1967,K.K.Sekharan+,0.089688,12,2,5.0e-4,5.0013e+6,5000,6013,6-C-13,A,N,8-O-16,3,4,CS,CS,1,2,"6-C-13(A,N)8-O-16,,SIG"
D6089002,1967,K.K.Sekharan+,0.11189,12,2,5.0e-4,5.027e+6,5000,6013,6-C-13,A,N,8-O-16,3,4,CS,CS,1,2,"6-C-13(A,N)8-O-16,,SIG"
D6089002,1967,K.K.Sekharan+,0.10614,12,2,5.0e-4,5.0417e+6,5000,6013,6-C-13,A,N,8-O-16,3,4,CS,CS,1,2,"6-C-13(A,N)8-O-16,,SIG"
D6089002,1967,K.K.Sekharan+,0.092513,12,2,5.0e-4,5.0544e+6,5000,6013,6-C-13,A,N,8-O-16,3,4,CS,CS,1,2,"6-C-13(A,N)8-O-16,,SIG"
D6089002,1967,K.K.Sekharan+,0.082119,12,2,5.0e-4,5.0612e+6,5000,6013,6-C-13,A,N,8-O-16,3,4,CS,CS,1,2,"6-C-13(A,N)8-O-16,,SIG"
D6089002,1967,K.K.Sekharan+,0.07833,12,2,5.0e-4,5.0757e+6,5000,6013,6-C-13,A,N,8-O-16,3,4,CS,CS,1,2,"6-C-13(A,N)8-O-16,,SIG"
D6089002,1967,K.K.Sekharan+,0.079739,12,2,5.0e-4,5.0924e+6,5000,6013,6-C-13,A,N,8-O-16,3,4,CS,CS,1,2,"6-C-13(A,N)8-O-16,,SIG"
D6089002,1967,K.K.Sekharan+,0.082551,12,2,5.0e-4,5.1005e+6,5000,6013,6-C-13,A,N,8-O-16,3,4,CS,CS,1,2,"6-C-13(A,N)8-O-16,,SIG"
D6089002,1967,K.K.Sekharan+,0.085082,12,2,5.0e-4,5.1087e+6,5000,6013,6-C-13,A,N,8-O-16,3,4,CS,CS,1,2,"6-C-13(A,N)8-O-16,,SIG"
D6089002,1967,K.K.Sekharan+,0.088175,12,2,5.0e-4,5.1168e+6,5000,6013,6-C-13,A,N,8-O-16,3,4,CS,CS,1,2,"6-C-13(A,N)8-O-16,,SIG"
D6089002,1967,K.K.Sekharan+,0.094501,12,2,5.0e-4,5.1329e+6,5000,6013,6-C-13,A,N,8-O-16,3,4,CS,CS,1,2,"6-C-13(A,N)8-O-16,,SIG"
D6089002,1967,K.K.Sekharan+,0.098858,12,2,5.0e-4,5.1409e+6,5000,6013,6-C-13,A,N,8-O-16,3,4,CS,CS,1,2,"6-C-13(A,N)8-O-16,,SIG"
D6089002,1967,K.K.Sekharan+,0.10448,12,2,5.0e-4,5.1543e+6,5000,6013,6-C-13,A,N,8-O-16,3,4,CS,CS,1,2,"6-C-13(A,N)8-O-16,,SIG"
D6089002,1967,K.K.Sekharan+,0.10912,12,2,5.0e-4,5.1623e+6,5000,6013,6-C-13,A,N,8-O-16,3,4,CS,CS,1,2,"6-C-13(A,N)8-O-16,,SIG"
D6089002,1967,K.K.Sekharan+,0.11774,12,2,5.0e-4,5.1701e+6,5000,6013,6-C-13,A,N,8-O-16,3,4,CS,CS,1,2,"6-C-13(A,N)8-O-16,,SIG"
D6089002,1967,K.K.Sekharan+,0.12187,12,2,5.0e-4,5.1732e+6,5000,6013,6-C-13,A,N,8-O-16,3,4,CS,CS,1,2,"6-C-13(A,N)8-O-16,,SIG"
D6089002,1967,K.K.Sekharan+,0.12392,12,2,5.0e-4,5.1778e+6,5000,6013,6-C-13,A,N,8-O-16,3,4,CS,CS,1,2,"6-C-13(A,N)8-O-16,,SIG"
D6089002,1967,K.K.Sekharan+,0.1287,12,2,5.0e-4,5.1858e+6,5000,6013,6-C-13,A,N,8-O-16,3,4,CS,CS,1,2,"6-C-13(A,N)8-O-16,,SIG"
D6089002,1967,K.K.Sekharan+,0.13734,12,2,5.0e-4,5.2061e+6,5000,6013,6-C-13,A,N,8-O-16,3,4,CS,CS,1,2,"6-C-13(A,N)8-O-16,,SIG"
D6089002,1967,K.K.Sekharan+,0.13988,12,2,5.0e-4,5.2144e+6,5000,6013,6-C-13,A,N,8-O-16,3,4,CS,CS,1,2,"6-C-13(A,N)8-O-16,,SIG"
D6089002,1967,K.K.Sekharan+,0.14298,12,2,5.0e-4,5.2283e+6,5000,6013,6-C-13,A,N,8-O-16,3,4,CS,CS,1,2,"6-C-13(A,N)8-O-16,,SIG"
D6089002,1967,K.K.Sekharan+,0.14468,12,2,5.0e-4,5.2703e+6,5000,6013,6-C-13,A,N,8-O-16,3,4,CS,CS,1,2,"6-C-13(A,N)8-O-16,,SIG"
D6089002,1967,K.K.Sekharan+,0.1416,12,2,5.0e-4,5.2874e+6,5000,6013,6-C-13,A,N,8-O-16,3,4,CS,CS,1,2,"6-C-13(A,N)8-O-16,,SIG"
D6089002,1967,K.K.Sekharan+,0.1388,12,2,5.0e-4,5.2988e+6,5000,6013,6-C-13,A,N,8-O-16,3,4,CS,CS,1,2,"6-C-13(A,N)8-O-16,,SIG"
D6089002,1967,K.K.Sekharan+,0.13375,12,2,5.0e-4,5.3047e+6,5000,6013,6-C-13,A,N,8-O-16,3,4,CS,CS,1,2,"6-C-13(A,N)8-O-16,,SIG"
D6089002,1967,K.K.Sekharan+,0.12562,12,2,5.0e-4,5.3389e+6,5000,6013,6-C-13,A,N,8-O-16,3,4,CS,CS,1,2,"6-C-13(A,N)8-O-16,,SIG"
D6089002,1967,K.K.Sekharan+,0.1245,12,2,5.0e-4,5.353e+6,5000,6013,6-C-13,A,N,8-O-16,3,4,CS,CS,1,2,"6-C-13(A,N)8-O-16,,SIG"
D6089002,1967,K.K.Sekharan+,0.12759,12,2,5.0e-4,5.3613e+6,5000,6013,6-C-13,A,N,8-O-16,3,4,CS,CS,1,2,"6-C-13(A,N)8-O-16,,SIG"
D6089002,1967,K.K.Sekharan+,0.13996,12,2,5.0e-4,5.369e+6,5000,6013,6-C-13,A,N,8-O-16,3,4,CS,CS,1,2,"6-C-13(A,N)8-O-16,,SIG"
D6089002,1967,K.K.Sekharan+,0.15738,12,2,5.0e-4,5.3737e+6,5000,6013,6-C-13,A,N,8-O-16,3,4,CS,CS,1,2,"6-C-13(A,N)8-O-16,,SIG"
D6089002,1967,K.K.Sekharan+,0.19477,12,2,5.0e-4,5.3969e+6,5000,6013,6-C-13,A,N,8-O-16,3,4,CS,CS,1,2,"6-C-13(A,N)8-O-16,,SIG"
D6089002,1967,K.K.Sekharan+,0.18494,12,2,5.0e-4,5.4059e+6,5000,6013,6-C-13,A,N,8-O-16,3,4,CS,CS,1,2,"6-C-13(A,N)8-O-16,,SIG"
D6089002,1967,K.K.Sekharan+,0.1737,12,2,5.0e-4,5.4121e+6,5000,6013,6-C-13,A,N,8-O-16,3,4,CS,CS,1,2,"6-C-13(A,N)8-O-16,,SIG"
D6089002,1967,K.K.Sekharan+,0.14785,12,2,5.0e-4,5.4136e+6,5000,6013,6-C-13,A,N,8-O-16,3,4,CS,CS,1,2,"6-C-13(A,N)8-O-16,,SIG"
D6089002,1967,K.K.Sekharan+,0.131,12,2,5.0e-4,5.4173e+6,5000,6013,6-C-13,A,N,8-O-16,3,4,CS,CS,1,2,"6-C-13(A,N)8-O-16,,SIG"
D6089002,1967,K.K.Sekharan+,0.13326,12,2,5.0e-4,5.4453e+6,5000,6013,6-C-13,A,N,8-O-16,3,4,CS,CS,1,2,"6-C-13(A,N)8-O-16,,SIG"
D6089002,1967,K.K.Sekharan+,0.13889,12,2,5.0e-4,5.4562e+6,5000,6013,6-C-13,A,N,8-O-16,3,4,CS,CS,1,2,"6-C-13(A,N)8-O-16,,SIG"
D6089002,1967,K.K.Sekharan+,0.1476,12,2,5.0e-4,5.4726e+6,5000,6013,6-C-13,A,N,8-O-16,3,4,CS,CS,1,2,"6-C-13(A,N)8-O-16,,SIG"
D6089002,1967,K.K.Sekharan+,0.1566,12,2,5.0e-4,5.4749e+6,5000,6013,6-C-13,A,N,8-O-16,3,4,CS,CS,1,2,"6-C-13(A,N)8-O-16,,SIG"
D6089002,1967,K.K.Sekharan+,0.16587,12,2,5.0e-4,5.4773e+6,5000,6013,6-C-13,A,N,8-O-16,3,4,CS,CS,1,2,"6-C-13(A,N)8-O-16,,SIG"
D6089002,1967,K.K.Sekharan+,0.17795,12,2,5.0e-4,5.4822e+6,5000,6013,6-C-13,A,N,8-O-16,3,4,CS,CS,1,2,"6-C-13(A,N)8-O-16,,SIG"
D6089002,1967,K.K.Sekharan+,0.19313,12,2,5.0e-4,5.4954e+6,5000,6013,6-C-13,A,N,8-O-16,3,4,CS,CS,1,2,"6-C-13(A,N)8-O-16,,SIG"
D6089002,1967,K.K.Sekharan+,0.20101,12,2,5.0e-4,5.5091e+6,5000,6013,6-C-13,A,N,8-O-16,3,4,CS,CS,1,2,"6-C-13(A,N)8-O-16,,SIG"
D6089002,1967,K.K.Sekharan+,0.20832,12,2,5.0e-4,5.5199e+6,5000,6013,6-C-13,A,N,8-O-16,3,4,CS,CS,1,2,"6-C-13(A,N)8-O-16,,SIG"
D6089002,1967,K.K.Sekharan+,0.21254,12,2,5.0e-4,5.5337e+6,5000,6013,6-C-13,A,N,8-O-16,3,4,CS,CS,1,2,"6-C-13(A,N)8-O-16,,SIG"
