DatasetID,year1,author1,DATA (B) 0.1,ERR-S (PER-CENT) 0.944,ERR-1 (PER-CENT) 0.955,ERR-2 (PER-CENT) 0.955,ERR-3 (PER-CENT) 0.955,EN (EV) 1.1,zaTarg1,Targ1,Proj,Emission,Prod,MF,MT,ReacType,Quant1,nx,indVars,Reacode
F0786004,2005,S.Harissopulos+,2.6e-6,,2,3,1.7,7.67e+5,6013,6-C-13,A,N,8-O-16,3,4,CS,CS,1,2,"6-C-13(A,N)8-O-16,,SIG"
F0786004,2005,S.Harissopulos+,3.3e-6,,2,3,1.7,7.86e+5,6013,6-C-13,A,N,8-O-16,3,4,CS,CS,1,2,"6-C-13(A,N)8-O-16,,SIG"
F0786004,2005,S.Harissopulos+,5.1e-6,,2,3,1.7,8.07e+5,6013,6-C-13,A,N,8-O-16,3,4,CS,CS,1,2,"6-C-13(A,N)8-O-16,,SIG"
F0786004,2005,S.Harissopulos+,7.2e-6,,2,3,1.7,8.26e+5,6013,6-C-13,A,N,8-O-16,3,4,CS,CS,1,2,"6-C-13(A,N)8-O-16,,SIG"
F0786004,2005,S.Harissopulos+,1.08e-5,,2,3,1.7,8.46e+5,6013,6-C-13,A,N,8-O-16,3,4,CS,CS,1,2,"6-C-13(A,N)8-O-16,,SIG"
F0786004,2005,S.Harissopulos+,1.43e-5,,2,3,1.7,8.66e+5,6013,6-C-13,A,N,8-O-16,3,4,CS,CS,1,2,"6-C-13(A,N)8-O-16,,SIG"
F0786004,2005,S.Harissopulos+,2.02e-5,,2,3,1.7,8.86e+5,6013,6-C-13,A,N,8-O-16,3,4,CS,CS,1,2,"6-C-13(A,N)8-O-16,,SIG"
F0786004,2005,S.Harissopulos+,2.87e-5,,2,3,1.7,9.06e+5,6013,6-C-13,A,N,8-O-16,3,4,CS,CS,1,2,"6-C-13(A,N)8-O-16,,SIG"
F0786004,2005,S.Harissopulos+,3.84e-5,,2,3,1.7,9.25e+5,6013,6-C-13,A,N,8-O-16,3,4,CS,CS,1,2,"6-C-13(A,N)8-O-16,,SIG"
F0786004,2005,S.Harissopulos+,5.32e-5,,2,3,1.7,9.45e+5,6013,6-C-13,A,N,8-O-16,3,4,CS,CS,1,2,"6-C-13(A,N)8-O-16,,SIG"
F0786004,2005,S.Harissopulos+,8.01e-5,,2,3,1.7,9.65e+5,6013,6-C-13,A,N,8-O-16,3,4,CS,CS,1,2,"6-C-13(A,N)8-O-16,,SIG"
F0786004,2005,S.Harissopulos+,8.93e-5,,2,3,1.7,9.75e+5,6013,6-C-13,A,N,8-O-16,3,4,CS,CS,1,2,"6-C-13(A,N)8-O-16,,SIG"
F0786004,2005,S.Harissopulos+,1.01e-4,,2,3,1.7,9.85e+5,6013,6-C-13,A,N,8-O-16,3,4,CS,CS,1,2,"6-C-13(A,N)8-O-16,,SIG"
F0786004,2005,S.Harissopulos+,1.16e-4,,2,3,1.7,9.94e+5,6013,6-C-13,A,N,8-O-16,3,4,CS,CS,1,2,"6-C-13(A,N)8-O-16,,SIG"
F0786004,2005,S.Harissopulos+,1.52e-4,1.6,2,3,1.7,1.005e+6,6013,6-C-13,A,N,8-O-16,3,4,CS,CS,1,2,"6-C-13(A,N)8-O-16,,SIG"
F0786004,2005,S.Harissopulos+,1.64e-4,,2,3,1.7,1.016e+6,6013,6-C-13,A,N,8-O-16,3,4,CS,CS,1,2,"6-C-13(A,N)8-O-16,,SIG"
F0786004,2005,S.Harissopulos+,1.89e-4,,2,3,1.7,1.025e+6,6013,6-C-13,A,N,8-O-16,3,4,CS,CS,1,2,"6-C-13(A,N)8-O-16,,SIG"
F0786004,2005,S.Harissopulos+,2.09e-4,,2,3,1.7,1.03e+6,6013,6-C-13,A,N,8-O-16,3,4,CS,CS,1,2,"6-C-13(A,N)8-O-16,,SIG"
F0786004,2005,S.Harissopulos+,4.61e-4,,2,3,1.7,1.046e+6,6013,6-C-13,A,N,8-O-16,3,4,CS,CS,1,2,"6-C-13(A,N)8-O-16,,SIG"
F0786004,2005,S.Harissopulos+,8.5e-4,,2,3,1.7,1.05e+6,6013,6-C-13,A,N,8-O-16,3,4,CS,CS,1,2,"6-C-13(A,N)8-O-16,,SIG"
F0786004,2005,S.Harissopulos+,0.00203,,2,3,1.7,1.052e+6,6013,6-C-13,A,N,8-O-16,3,4,CS,CS,1,2,"6-C-13(A,N)8-O-16,,SIG"
F0786004,2005,S.Harissopulos+,0.00453,,2,3,1.7,1.053e+6,6013,6-C-13,A,N,8-O-16,3,4,CS,CS,1,2,"6-C-13(A,N)8-O-16,,SIG"
F0786004,2005,S.Harissopulos+,0.00877,,2,3,1.7,1.054e+6,6013,6-C-13,A,N,8-O-16,3,4,CS,CS,1,2,"6-C-13(A,N)8-O-16,,SIG"
F0786004,2005,S.Harissopulos+,0.00454,,2,3,1.7,1.055e+6,6013,6-C-13,A,N,8-O-16,3,4,CS,CS,1,2,"6-C-13(A,N)8-O-16,,SIG"
F0786004,2005,S.Harissopulos+,0.00204,,2,3,1.7,1.056e+6,6013,6-C-13,A,N,8-O-16,3,4,CS,CS,1,2,"6-C-13(A,N)8-O-16,,SIG"
F0786004,2005,S.Harissopulos+,8.8e-4,,2,3,1.7,1.058e+6,6013,6-C-13,A,N,8-O-16,3,4,CS,CS,1,2,"6-C-13(A,N)8-O-16,,SIG"
F0786004,2005,S.Harissopulos+,5.56e-4,,2,3,1.7,1.062e+6,6013,6-C-13,A,N,8-O-16,3,4,CS,CS,1,2,"6-C-13(A,N)8-O-16,,SIG"
F0786004,2005,S.Harissopulos+,4.95e-4,,2,3,1.7,1.078e+6,6013,6-C-13,A,N,8-O-16,3,4,CS,CS,1,2,"6-C-13(A,N)8-O-16,,SIG"
F0786004,2005,S.Harissopulos+,4.81e-4,,2,3,1.7,1.08e+6,6013,6-C-13,A,N,8-O-16,3,4,CS,CS,1,2,"6-C-13(A,N)8-O-16,,SIG"
F0786004,2005,S.Harissopulos+,4.66e-4,,2,3,1.7,1.087e+6,6013,6-C-13,A,N,8-O-16,3,4,CS,CS,1,2,"6-C-13(A,N)8-O-16,,SIG"
F0786004,2005,S.Harissopulos+,4.83e-4,,2,3,1.7,1.098e+6,6013,6-C-13,A,N,8-O-16,3,4,CS,CS,1,2,"6-C-13(A,N)8-O-16,,SIG"
F0786004,2005,S.Harissopulos+,4.85e-4,,2,3,1.7,1.112e+6,6013,6-C-13,A,N,8-O-16,3,4,CS,CS,1,2,"6-C-13(A,N)8-O-16,,SIG"
F0786004,2005,S.Harissopulos+,5.0e-4,,2,3,1.7,1.122e+6,6013,6-C-13,A,N,8-O-16,3,4,CS,CS,1,2,"6-C-13(A,N)8-O-16,,SIG"
F0786004,2005,S.Harissopulos+,5.61e-4,,2,3,1.7,1.132e+6,6013,6-C-13,A,N,8-O-16,3,4,CS,CS,1,2,"6-C-13(A,N)8-O-16,,SIG"
F0786004,2005,S.Harissopulos+,5.98e-4,,2,3,1.7,1.142e+6,6013,6-C-13,A,N,8-O-16,3,4,CS,CS,1,2,"6-C-13(A,N)8-O-16,,SIG"
F0786004,2005,S.Harissopulos+,6.14e-4,,2,3,1.7,1.152e+6,6013,6-C-13,A,N,8-O-16,3,4,CS,CS,1,2,"6-C-13(A,N)8-O-16,,SIG"
F0786004,2005,S.Harissopulos+,6.4e-4,,2,3,1.7,1.162e+6,6013,6-C-13,A,N,8-O-16,3,4,CS,CS,1,2,"6-C-13(A,N)8-O-16,,SIG"
F0786004,2005,S.Harissopulos+,6.64e-4,,2,3,1.7,1.172e+6,6013,6-C-13,A,N,8-O-16,3,4,CS,CS,1,2,"6-C-13(A,N)8-O-16,,SIG"
F0786004,2005,S.Harissopulos+,6.81e-4,,2,3,1.7,1.182e+6,6013,6-C-13,A,N,8-O-16,3,4,CS,CS,1,2,"6-C-13(A,N)8-O-16,,SIG"
F0786004,2005,S.Harissopulos+,7.4e-4,,2,3,1.7,1.192e+6,6013,6-C-13,A,N,8-O-16,3,4,CS,CS,1,2,"6-C-13(A,N)8-O-16,,SIG"
F0786004,2005,S.Harissopulos+,7.49e-4,,2,3,1.7,1.202e+6,6013,6-C-13,A,N,8-O-16,3,4,CS,CS,1,2,"6-C-13(A,N)8-O-16,,SIG"
F0786004,2005,S.Harissopulos+,7.84e-4,,2,3,1.7,1.212e+6,6013,6-C-13,A,N,8-O-16,3,4,CS,CS,1,2,"6-C-13(A,N)8-O-16,,SIG"
F0786004,2005,S.Harissopulos+,7.95e-4,,2,3,1.7,1.222e+6,6013,6-C-13,A,N,8-O-16,3,4,CS,CS,1,2,"6-C-13(A,N)8-O-16,,SIG"
F0786004,2005,S.Harissopulos+,7.96e-4,,2,3,1.7,1.232e+6,6013,6-C-13,A,N,8-O-16,3,4,CS,CS,1,2,"6-C-13(A,N)8-O-16,,SIG"
F0786004,2005,S.Harissopulos+,8.34e-4,,2,3,1.7,1.242e+6,6013,6-C-13,A,N,8-O-16,3,4,CS,CS,1,2,"6-C-13(A,N)8-O-16,,SIG"
F0786004,2005,S.Harissopulos+,8.68e-4,,2,3,1.7,1.251e+6,6013,6-C-13,A,N,8-O-16,3,4,CS,CS,1,2,"6-C-13(A,N)8-O-16,,SIG"
F0786004,2005,S.Harissopulos+,8.69e-4,,2,3,1.7,1.261e+6,6013,6-C-13,A,N,8-O-16,3,4,CS,CS,1,2,"6-C-13(A,N)8-O-16,,SIG"
F0786004,2005,S.Harissopulos+,8.66e-4,,2,3,1.7,1.271e+6,6013,6-C-13,A,N,8-O-16,3,4,CS,CS,1,2,"6-C-13(A,N)8-O-16,,SIG"
F0786004,2005,S.Harissopulos+,9.31e-4,,2,3,1.7,1.281e+6,6013,6-C-13,A,N,8-O-16,3,4,CS,CS,1,2,"6-C-13(A,N)8-O-16,,SIG"
F0786004,2005,S.Harissopulos+,8.87e-4,,2,3,1.7,1.291e+6,6013,6-C-13,A,N,8-O-16,3,4,CS,CS,1,2,"6-C-13(A,N)8-O-16,,SIG"
F0786004,2005,S.Harissopulos+,9.41e-4,,2,3,1.7,1.301e+6,6013,6-C-13,A,N,8-O-16,3,4,CS,CS,1,2,"6-C-13(A,N)8-O-16,,SIG"
F0786004,2005,S.Harissopulos+,9.18e-4,,2,3,1.7,1.303e+6,6013,6-C-13,A,N,8-O-16,3,4,CS,CS,1,2,"6-C-13(A,N)8-O-16,,SIG"
F0786004,2005,S.Harissopulos+,9.3e-4,,2,3,1.7,1.305e+6,6013,6-C-13,A,N,8-O-16,3,4,CS,CS,1,2,"6-C-13(A,N)8-O-16,,SIG"
F0786004,2005,S.Harissopulos+,9.5e-4,,2,3,1.7,1.307e+6,6013,6-C-13,A,N,8-O-16,3,4,CS,CS,1,2,"6-C-13(A,N)8-O-16,,SIG"
F0786004,2005,S.Harissopulos+,9.58e-4,,2,3,1.7,1.309e+6,6013,6-C-13,A,N,8-O-16,3,4,CS,CS,1,2,"6-C-13(A,N)8-O-16,,SIG"
F0786004,2005,S.Harissopulos+,9.9e-4,,2,3,1.7,1.311e+6,6013,6-C-13,A,N,8-O-16,3,4,CS,CS,1,2,"6-C-13(A,N)8-O-16,,SIG"
F0786004,2005,S.Harissopulos+,0.00221,,2,3,1.7,1.333e+6,6013,6-C-13,A,N,8-O-16,3,4,CS,CS,1,2,"6-C-13(A,N)8-O-16,,SIG"
F0786004,2005,S.Harissopulos+,0.00426,,2,3,1.7,1.334e+6,6013,6-C-13,A,N,8-O-16,3,4,CS,CS,1,2,"6-C-13(A,N)8-O-16,,SIG"
F0786004,2005,S.Harissopulos+,0.0108,,2,3,1.7,1.335e+6,6013,6-C-13,A,N,8-O-16,3,4,CS,CS,1,2,"6-C-13(A,N)8-O-16,,SIG"
F0786004,2005,S.Harissopulos+,0.0482,,2,3,1.7,1.336e+6,6013,6-C-13,A,N,8-O-16,3,4,CS,CS,1,2,"6-C-13(A,N)8-O-16,,SIG"
F0786004,2005,S.Harissopulos+,0.0109,,2,3,1.7,1.337e+6,6013,6-C-13,A,N,8-O-16,3,4,CS,CS,1,2,"6-C-13(A,N)8-O-16,,SIG"
F0786004,2005,S.Harissopulos+,0.00427,,2,3,1.7,1.338e+6,6013,6-C-13,A,N,8-O-16,3,4,CS,CS,1,2,"6-C-13(A,N)8-O-16,,SIG"
F0786004,2005,S.Harissopulos+,0.00222,,2,3,1.7,1.339e+6,6013,6-C-13,A,N,8-O-16,3,4,CS,CS,1,2,"6-C-13(A,N)8-O-16,,SIG"
F0786004,2005,S.Harissopulos+,0.00114,,2,3,1.7,1.365e+6,6013,6-C-13,A,N,8-O-16,3,4,CS,CS,1,2,"6-C-13(A,N)8-O-16,,SIG"
F0786004,2005,S.Harissopulos+,0.00113,,2,3,1.7,1.377e+6,6013,6-C-13,A,N,8-O-16,3,4,CS,CS,1,2,"6-C-13(A,N)8-O-16,,SIG"
F0786004,2005,S.Harissopulos+,0.00112,,2,3,1.7,1.389e+6,6013,6-C-13,A,N,8-O-16,3,4,CS,CS,1,2,"6-C-13(A,N)8-O-16,,SIG"
F0786004,2005,S.Harissopulos+,0.00109,,2,3,1.7,1.4e+6,6013,6-C-13,A,N,8-O-16,3,4,CS,CS,1,2,"6-C-13(A,N)8-O-16,,SIG"
F0786004,2005,S.Harissopulos+,0.00111,,2,3,1.7,1.41e+6,6013,6-C-13,A,N,8-O-16,3,4,CS,CS,1,2,"6-C-13(A,N)8-O-16,,SIG"
F0786004,2005,S.Harissopulos+,0.00116,,2,3,1.7,1.42e+6,6013,6-C-13,A,N,8-O-16,3,4,CS,CS,1,2,"6-C-13(A,N)8-O-16,,SIG"
F0786004,2005,S.Harissopulos+,0.00121,,2,3,1.7,1.431e+6,6013,6-C-13,A,N,8-O-16,3,4,CS,CS,1,2,"6-C-13(A,N)8-O-16,,SIG"
F0786004,2005,S.Harissopulos+,0.00119,,2,3,1.7,1.441e+6,6013,6-C-13,A,N,8-O-16,3,4,CS,CS,1,2,"6-C-13(A,N)8-O-16,,SIG"
F0786004,2005,S.Harissopulos+,0.00122,,2,3,1.7,1.45e+6,6013,6-C-13,A,N,8-O-16,3,4,CS,CS,1,2,"6-C-13(A,N)8-O-16,,SIG"
F0786004,2005,S.Harissopulos+,0.00129,,2,3,1.7,1.461e+6,6013,6-C-13,A,N,8-O-16,3,4,CS,CS,1,2,"6-C-13(A,N)8-O-16,,SIG"
F0786004,2005,S.Harissopulos+,0.00129,,2,3,1.7,1.471e+6,6013,6-C-13,A,N,8-O-16,3,4,CS,CS,1,2,"6-C-13(A,N)8-O-16,,SIG"
F0786004,2005,S.Harissopulos+,0.00131,,2,3,1.7,1.48e+6,6013,6-C-13,A,N,8-O-16,3,4,CS,CS,1,2,"6-C-13(A,N)8-O-16,,SIG"
F0786004,2005,S.Harissopulos+,0.00131,,2,3,1.7,1.49e+6,6013,6-C-13,A,N,8-O-16,3,4,CS,CS,1,2,"6-C-13(A,N)8-O-16,,SIG"
F0786004,2005,S.Harissopulos+,0.00137,,2,3,1.7,1.5e+6,6013,6-C-13,A,N,8-O-16,3,4,CS,CS,1,2,"6-C-13(A,N)8-O-16,,SIG"
F0786004,2005,S.Harissopulos+,0.00142,,2,3,1.7,1.51e+6,6013,6-C-13,A,N,8-O-16,3,4,CS,CS,1,2,"6-C-13(A,N)8-O-16,,SIG"
F0786004,2005,S.Harissopulos+,0.00144,,2,3,1.7,1.52e+6,6013,6-C-13,A,N,8-O-16,3,4,CS,CS,1,2,"6-C-13(A,N)8-O-16,,SIG"
F0786004,2005,S.Harissopulos+,0.00157,,2,3,1.7,1.53e+6,6013,6-C-13,A,N,8-O-16,3,4,CS,CS,1,2,"6-C-13(A,N)8-O-16,,SIG"
F0786004,2005,S.Harissopulos+,0.00167,,2,3,1.7,1.541e+6,6013,6-C-13,A,N,8-O-16,3,4,CS,CS,1,2,"6-C-13(A,N)8-O-16,,SIG"
F0786004,2005,S.Harissopulos+,0.00162,,2,3,1.7,1.55e+6,6013,6-C-13,A,N,8-O-16,3,4,CS,CS,1,2,"6-C-13(A,N)8-O-16,,SIG"
F0786004,2005,S.Harissopulos+,0.00175,,2,3,1.7,1.56e+6,6013,6-C-13,A,N,8-O-16,3,4,CS,CS,1,2,"6-C-13(A,N)8-O-16,,SIG"
F0786004,2005,S.Harissopulos+,0.0029,,2,3,1.7,1.585e+6,6013,6-C-13,A,N,8-O-16,3,4,CS,CS,1,2,"6-C-13(A,N)8-O-16,,SIG"
F0786004,2005,S.Harissopulos+,0.0032,,2,3,1.7,1.587e+6,6013,6-C-13,A,N,8-O-16,3,4,CS,CS,1,2,"6-C-13(A,N)8-O-16,,SIG"
F0786004,2005,S.Harissopulos+,0.0043,,2,3,1.7,1.588e+6,6013,6-C-13,A,N,8-O-16,3,4,CS,CS,1,2,"6-C-13(A,N)8-O-16,,SIG"
F0786004,2005,S.Harissopulos+,0.00625,,2,3,1.7,1.589e+6,6013,6-C-13,A,N,8-O-16,3,4,CS,CS,1,2,"6-C-13(A,N)8-O-16,,SIG"
F0786004,2005,S.Harissopulos+,0.0105,,2,3,1.7,1.59e+6,6013,6-C-13,A,N,8-O-16,3,4,CS,CS,1,2,"6-C-13(A,N)8-O-16,,SIG"
F0786004,2005,S.Harissopulos+,0.00626,,2,3,1.7,1.591e+6,6013,6-C-13,A,N,8-O-16,3,4,CS,CS,1,2,"6-C-13(A,N)8-O-16,,SIG"
F0786004,2005,S.Harissopulos+,0.00433,,2,3,1.7,1.592e+6,6013,6-C-13,A,N,8-O-16,3,4,CS,CS,1,2,"6-C-13(A,N)8-O-16,,SIG"
F0786004,2005,S.Harissopulos+,0.00332,,2,3,1.7,1.593e+6,6013,6-C-13,A,N,8-O-16,3,4,CS,CS,1,2,"6-C-13(A,N)8-O-16,,SIG"
F0786004,2005,S.Harissopulos+,0.00302,,2,3,1.7,1.595e+6,6013,6-C-13,A,N,8-O-16,3,4,CS,CS,1,2,"6-C-13(A,N)8-O-16,,SIG"
F0786004,2005,S.Harissopulos+,0.00212,,2,3,1.7,1.609e+6,6013,6-C-13,A,N,8-O-16,3,4,CS,CS,1,2,"6-C-13(A,N)8-O-16,,SIG"
F0786004,2005,S.Harissopulos+,0.00217,,2,3,1.7,1.619e+6,6013,6-C-13,A,N,8-O-16,3,4,CS,CS,1,2,"6-C-13(A,N)8-O-16,,SIG"
F0786004,2005,S.Harissopulos+,0.00223,,2,3,1.7,1.629e+6,6013,6-C-13,A,N,8-O-16,3,4,CS,CS,1,2,"6-C-13(A,N)8-O-16,,SIG"
F0786004,2005,S.Harissopulos+,0.00229,,2,3,1.7,1.639e+6,6013,6-C-13,A,N,8-O-16,3,4,CS,CS,1,2,"6-C-13(A,N)8-O-16,,SIG"
F0786004,2005,S.Harissopulos+,0.00238,,2,3,1.7,1.649e+6,6013,6-C-13,A,N,8-O-16,3,4,CS,CS,1,2,"6-C-13(A,N)8-O-16,,SIG"
F0786004,2005,S.Harissopulos+,0.00245,,2,3,1.7,1.66e+6,6013,6-C-13,A,N,8-O-16,3,4,CS,CS,1,2,"6-C-13(A,N)8-O-16,,SIG"
F0786004,2005,S.Harissopulos+,0.00275,,2,3,1.7,1.67e+6,6013,6-C-13,A,N,8-O-16,3,4,CS,CS,1,2,"6-C-13(A,N)8-O-16,,SIG"
F0786004,2005,S.Harissopulos+,0.00285,,2,3,1.7,1.68e+6,6013,6-C-13,A,N,8-O-16,3,4,CS,CS,1,2,"6-C-13(A,N)8-O-16,,SIG"
F0786004,2005,S.Harissopulos+,0.00295,,2,3,1.7,1.69e+6,6013,6-C-13,A,N,8-O-16,3,4,CS,CS,1,2,"6-C-13(A,N)8-O-16,,SIG"
F0786004,2005,S.Harissopulos+,0.00324,,2,3,1.7,1.699e+6,6013,6-C-13,A,N,8-O-16,3,4,CS,CS,1,2,"6-C-13(A,N)8-O-16,,SIG"
F0786004,2005,S.Harissopulos+,0.00334,,2,3,1.7,1.709e+6,6013,6-C-13,A,N,8-O-16,3,4,CS,CS,1,2,"6-C-13(A,N)8-O-16,,SIG"
F0786004,2005,S.Harissopulos+,0.00373,,2,3,1.7,1.719e+6,6013,6-C-13,A,N,8-O-16,3,4,CS,CS,1,2,"6-C-13(A,N)8-O-16,,SIG"
F0786004,2005,S.Harissopulos+,0.00411,,2,3,1.7,1.73e+6,6013,6-C-13,A,N,8-O-16,3,4,CS,CS,1,2,"6-C-13(A,N)8-O-16,,SIG"
F0786004,2005,S.Harissopulos+,0.0043,,2,3,1.7,1.74e+6,6013,6-C-13,A,N,8-O-16,3,4,CS,CS,1,2,"6-C-13(A,N)8-O-16,,SIG"
F0786004,2005,S.Harissopulos+,0.00437,,2,3,1.7,1.749e+6,6013,6-C-13,A,N,8-O-16,3,4,CS,CS,1,2,"6-C-13(A,N)8-O-16,,SIG"
F0786004,2005,S.Harissopulos+,0.00442,,2,3,1.7,1.759e+6,6013,6-C-13,A,N,8-O-16,3,4,CS,CS,1,2,"6-C-13(A,N)8-O-16,,SIG"
F0786004,2005,S.Harissopulos+,0.00481,,2,3,1.7,1.769e+6,6013,6-C-13,A,N,8-O-16,3,4,CS,CS,1,2,"6-C-13(A,N)8-O-16,,SIG"
F0786004,2005,S.Harissopulos+,0.00498,,2,3,1.7,1.779e+6,6013,6-C-13,A,N,8-O-16,3,4,CS,CS,1,2,"6-C-13(A,N)8-O-16,,SIG"
F0786004,2005,S.Harissopulos+,0.00526,,2,3,1.7,1.789e+6,6013,6-C-13,A,N,8-O-16,3,4,CS,CS,1,2,"6-C-13(A,N)8-O-16,,SIG"
F0786004,2005,S.Harissopulos+,0.00548,,2,3,1.7,1.799e+6,6013,6-C-13,A,N,8-O-16,3,4,CS,CS,1,2,"6-C-13(A,N)8-O-16,,SIG"
F0786004,2005,S.Harissopulos+,0.00566,,2,3,1.7,1.808e+6,6013,6-C-13,A,N,8-O-16,3,4,CS,CS,1,2,"6-C-13(A,N)8-O-16,,SIG"
F0786004,2005,S.Harissopulos+,0.00598,,2,3,1.7,1.818e+6,6013,6-C-13,A,N,8-O-16,3,4,CS,CS,1,2,"6-C-13(A,N)8-O-16,,SIG"
F0786004,2005,S.Harissopulos+,0.00642,,2,3,1.7,1.828e+6,6013,6-C-13,A,N,8-O-16,3,4,CS,CS,1,2,"6-C-13(A,N)8-O-16,,SIG"
F0786004,2005,S.Harissopulos+,0.00733,,2,3,1.7,1.839e+6,6013,6-C-13,A,N,8-O-16,3,4,CS,CS,1,2,"6-C-13(A,N)8-O-16,,SIG"
F0786004,2005,S.Harissopulos+,0.00787,,2,3,1.7,1.849e+6,6013,6-C-13,A,N,8-O-16,3,4,CS,CS,1,2,"6-C-13(A,N)8-O-16,,SIG"
F0786004,2005,S.Harissopulos+,0.00833,,2,3,1.7,1.859e+6,6013,6-C-13,A,N,8-O-16,3,4,CS,CS,1,2,"6-C-13(A,N)8-O-16,,SIG"
F0786004,2005,S.Harissopulos+,0.00877,,2,3,1.7,1.869e+6,6013,6-C-13,A,N,8-O-16,3,4,CS,CS,1,2,"6-C-13(A,N)8-O-16,,SIG"
F0786004,2005,S.Harissopulos+,0.0095,,2,3,1.7,1.879e+6,6013,6-C-13,A,N,8-O-16,3,4,CS,CS,1,2,"6-C-13(A,N)8-O-16,,SIG"
F0786004,2005,S.Harissopulos+,0.0101,,2,3,1.7,1.889e+6,6013,6-C-13,A,N,8-O-16,3,4,CS,CS,1,2,"6-C-13(A,N)8-O-16,,SIG"
F0786004,2005,S.Harissopulos+,0.0107,,2,3,1.7,1.899e+6,6013,6-C-13,A,N,8-O-16,3,4,CS,CS,1,2,"6-C-13(A,N)8-O-16,,SIG"
F0786004,2005,S.Harissopulos+,0.0114,,2,3,1.7,1.909e+6,6013,6-C-13,A,N,8-O-16,3,4,CS,CS,1,2,"6-C-13(A,N)8-O-16,,SIG"
F0786004,2005,S.Harissopulos+,0.0123,,2,3,1.7,1.918e+6,6013,6-C-13,A,N,8-O-16,3,4,CS,CS,1,2,"6-C-13(A,N)8-O-16,,SIG"
F0786004,2005,S.Harissopulos+,0.0137,,2,3,1.7,1.928e+6,6013,6-C-13,A,N,8-O-16,3,4,CS,CS,1,2,"6-C-13(A,N)8-O-16,,SIG"
F0786004,2005,S.Harissopulos+,0.0148,,2,3,1.7,1.938e+6,6013,6-C-13,A,N,8-O-16,3,4,CS,CS,1,2,"6-C-13(A,N)8-O-16,,SIG"
F0786004,2005,S.Harissopulos+,0.0158,,2,3,1.7,1.948e+6,6013,6-C-13,A,N,8-O-16,3,4,CS,CS,1,2,"6-C-13(A,N)8-O-16,,SIG"
F0786004,2005,S.Harissopulos+,0.0173,,2,3,1.7,1.958e+6,6013,6-C-13,A,N,8-O-16,3,4,CS,CS,1,2,"6-C-13(A,N)8-O-16,,SIG"
F0786004,2005,S.Harissopulos+,0.0188,,2,3,1.7,1.968e+6,6013,6-C-13,A,N,8-O-16,3,4,CS,CS,1,2,"6-C-13(A,N)8-O-16,,SIG"
F0786004,2005,S.Harissopulos+,0.0205,,2,3,1.7,1.978e+6,6013,6-C-13,A,N,8-O-16,3,4,CS,CS,1,2,"6-C-13(A,N)8-O-16,,SIG"
F0786004,2005,S.Harissopulos+,0.0226,,2,3,1.7,1.988e+6,6013,6-C-13,A,N,8-O-16,3,4,CS,CS,1,2,"6-C-13(A,N)8-O-16,,SIG"
F0786004,2005,S.Harissopulos+,0.0246,,2,3,1.7,1.998e+6,6013,6-C-13,A,N,8-O-16,3,4,CS,CS,1,2,"6-C-13(A,N)8-O-16,,SIG"
F0786004,2005,S.Harissopulos+,0.028,,2,3,1.7,2.009e+6,6013,6-C-13,A,N,8-O-16,3,4,CS,CS,1,2,"6-C-13(A,N)8-O-16,,SIG"
F0786004,2005,S.Harissopulos+,0.0306,,2,3,1.7,2.019e+6,6013,6-C-13,A,N,8-O-16,3,4,CS,CS,1,2,"6-C-13(A,N)8-O-16,,SIG"
F0786004,2005,S.Harissopulos+,0.0336,,2,3,1.7,2.028e+6,6013,6-C-13,A,N,8-O-16,3,4,CS,CS,1,2,"6-C-13(A,N)8-O-16,,SIG"
F0786004,2005,S.Harissopulos+,0.037,,2,3,1.7,2.038e+6,6013,6-C-13,A,N,8-O-16,3,4,CS,CS,1,2,"6-C-13(A,N)8-O-16,,SIG"
F0786004,2005,S.Harissopulos+,0.0403,,2,3,1.7,2.048e+6,6013,6-C-13,A,N,8-O-16,3,4,CS,CS,1,2,"6-C-13(A,N)8-O-16,,SIG"
F0786004,2005,S.Harissopulos+,0.0431,,2,3,1.7,2.057e+6,6013,6-C-13,A,N,8-O-16,3,4,CS,CS,1,2,"6-C-13(A,N)8-O-16,,SIG"
F0786004,2005,S.Harissopulos+,0.0442,,2,3,1.7,2.067e+6,6013,6-C-13,A,N,8-O-16,3,4,CS,CS,1,2,"6-C-13(A,N)8-O-16,,SIG"
F0786004,2005,S.Harissopulos+,0.0445,,2,3,1.7,2.077e+6,6013,6-C-13,A,N,8-O-16,3,4,CS,CS,1,2,"6-C-13(A,N)8-O-16,,SIG"
F0786004,2005,S.Harissopulos+,0.0485,,2,3,1.7,2.087e+6,6013,6-C-13,A,N,8-O-16,3,4,CS,CS,1,2,"6-C-13(A,N)8-O-16,,SIG"
F0786004,2005,S.Harissopulos+,0.0452,,2,3,1.7,2.097e+6,6013,6-C-13,A,N,8-O-16,3,4,CS,CS,1,2,"6-C-13(A,N)8-O-16,,SIG"
F0786004,2005,S.Harissopulos+,0.0412,,2,3,1.7,2.106e+6,6013,6-C-13,A,N,8-O-16,3,4,CS,CS,1,2,"6-C-13(A,N)8-O-16,,SIG"
F0786004,2005,S.Harissopulos+,0.0395,,2,3,1.7,2.116e+6,6013,6-C-13,A,N,8-O-16,3,4,CS,CS,1,2,"6-C-13(A,N)8-O-16,,SIG"
F0786004,2005,S.Harissopulos+,0.0382,,2,3,1.7,2.126e+6,6013,6-C-13,A,N,8-O-16,3,4,CS,CS,1,2,"6-C-13(A,N)8-O-16,,SIG"
F0786004,2005,S.Harissopulos+,0.0374,,2,3,1.7,2.136e+6,6013,6-C-13,A,N,8-O-16,3,4,CS,CS,1,2,"6-C-13(A,N)8-O-16,,SIG"
F0786004,2005,S.Harissopulos+,0.0375,,2,3,1.7,2.146e+6,6013,6-C-13,A,N,8-O-16,3,4,CS,CS,1,2,"6-C-13(A,N)8-O-16,,SIG"
F0786004,2005,S.Harissopulos+,0.0398,,2,3,1.7,2.156e+6,6013,6-C-13,A,N,8-O-16,3,4,CS,CS,1,2,"6-C-13(A,N)8-O-16,,SIG"
F0786004,2005,S.Harissopulos+,0.0428,,2,3,1.7,2.167e+6,6013,6-C-13,A,N,8-O-16,3,4,CS,CS,1,2,"6-C-13(A,N)8-O-16,,SIG"
F0786004,2005,S.Harissopulos+,0.047,,2,3,1.7,2.177e+6,6013,6-C-13,A,N,8-O-16,3,4,CS,CS,1,2,"6-C-13(A,N)8-O-16,,SIG"
F0786004,2005,S.Harissopulos+,0.053,,2,3,1.7,2.187e+6,6013,6-C-13,A,N,8-O-16,3,4,CS,CS,1,2,"6-C-13(A,N)8-O-16,,SIG"
F0786004,2005,S.Harissopulos+,0.0599,,2,3,1.7,2.197e+6,6013,6-C-13,A,N,8-O-16,3,4,CS,CS,1,2,"6-C-13(A,N)8-O-16,,SIG"
F0786004,2005,S.Harissopulos+,0.0664,,2,3,1.7,2.207e+6,6013,6-C-13,A,N,8-O-16,3,4,CS,CS,1,2,"6-C-13(A,N)8-O-16,,SIG"
F0786004,2005,S.Harissopulos+,0.0752,,2,3,1.7,2.217e+6,6013,6-C-13,A,N,8-O-16,3,4,CS,CS,1,2,"6-C-13(A,N)8-O-16,,SIG"
F0786004,2005,S.Harissopulos+,0.0753,,2,3,1.7,2.227e+6,6013,6-C-13,A,N,8-O-16,3,4,CS,CS,1,2,"6-C-13(A,N)8-O-16,,SIG"
F0786004,2005,S.Harissopulos+,0.0741,,2,3,1.7,2.236e+6,6013,6-C-13,A,N,8-O-16,3,4,CS,CS,1,2,"6-C-13(A,N)8-O-16,,SIG"
F0786004,2005,S.Harissopulos+,0.0733,,2,3,1.7,2.245e+6,6013,6-C-13,A,N,8-O-16,3,4,CS,CS,1,2,"6-C-13(A,N)8-O-16,,SIG"
F0786004,2005,S.Harissopulos+,0.0677,,2,3,1.7,2.255e+6,6013,6-C-13,A,N,8-O-16,3,4,CS,CS,1,2,"6-C-13(A,N)8-O-16,,SIG"
F0786004,2005,S.Harissopulos+,0.0662,,2,3,1.7,2.265e+6,6013,6-C-13,A,N,8-O-16,3,4,CS,CS,1,2,"6-C-13(A,N)8-O-16,,SIG"
F0786004,2005,S.Harissopulos+,0.0591,,2,3,1.7,2.275e+6,6013,6-C-13,A,N,8-O-16,3,4,CS,CS,1,2,"6-C-13(A,N)8-O-16,,SIG"
F0786004,2005,S.Harissopulos+,0.056,,2,3,1.7,2.285e+6,6013,6-C-13,A,N,8-O-16,3,4,CS,CS,1,2,"6-C-13(A,N)8-O-16,,SIG"
F0786004,2005,S.Harissopulos+,0.0551,,2,3,1.7,2.295e+6,6013,6-C-13,A,N,8-O-16,3,4,CS,CS,1,2,"6-C-13(A,N)8-O-16,,SIG"
F0786004,2005,S.Harissopulos+,0.0538,,2,3,1.7,2.305e+6,6013,6-C-13,A,N,8-O-16,3,4,CS,CS,1,2,"6-C-13(A,N)8-O-16,,SIG"
F0786004,2005,S.Harissopulos+,0.0537,,2,3,1.7,2.315e+6,6013,6-C-13,A,N,8-O-16,3,4,CS,CS,1,2,"6-C-13(A,N)8-O-16,,SIG"
F0786004,2005,S.Harissopulos+,0.0529,,2,3,1.7,2.325e+6,6013,6-C-13,A,N,8-O-16,3,4,CS,CS,1,2,"6-C-13(A,N)8-O-16,,SIG"
F0786004,2005,S.Harissopulos+,0.0543,,2,3,1.7,2.335e+6,6013,6-C-13,A,N,8-O-16,3,4,CS,CS,1,2,"6-C-13(A,N)8-O-16,,SIG"
F0786004,2005,S.Harissopulos+,0.0565,,2,3,1.7,2.346e+6,6013,6-C-13,A,N,8-O-16,3,4,CS,CS,1,2,"6-C-13(A,N)8-O-16,,SIG"
F0786004,2005,S.Harissopulos+,0.059,,2,3,1.7,2.355e+6,6013,6-C-13,A,N,8-O-16,3,4,CS,CS,1,2,"6-C-13(A,N)8-O-16,,SIG"
F0786004,2005,S.Harissopulos+,0.0633,,2,3,1.7,2.365e+6,6013,6-C-13,A,N,8-O-16,3,4,CS,CS,1,2,"6-C-13(A,N)8-O-16,,SIG"
F0786004,2005,S.Harissopulos+,0.0664,,2,3,1.7,2.375e+6,6013,6-C-13,A,N,8-O-16,3,4,CS,CS,1,2,"6-C-13(A,N)8-O-16,,SIG"
F0786004,2005,S.Harissopulos+,0.0675,,2,3,1.7,2.385e+6,6013,6-C-13,A,N,8-O-16,3,4,CS,CS,1,2,"6-C-13(A,N)8-O-16,,SIG"
F0786004,2005,S.Harissopulos+,0.0661,,2,3,1.7,2.395e+6,6013,6-C-13,A,N,8-O-16,3,4,CS,CS,1,2,"6-C-13(A,N)8-O-16,,SIG"
F0786004,2005,S.Harissopulos+,0.0653,,2,3,1.7,2.405e+6,6013,6-C-13,A,N,8-O-16,3,4,CS,CS,1,2,"6-C-13(A,N)8-O-16,,SIG"
F0786004,2005,S.Harissopulos+,0.0598,,2,3,1.7,2.414e+6,6013,6-C-13,A,N,8-O-16,3,4,CS,CS,1,2,"6-C-13(A,N)8-O-16,,SIG"
F0786004,2005,S.Harissopulos+,0.0533,,2,3,1.7,2.424e+6,6013,6-C-13,A,N,8-O-16,3,4,CS,CS,1,2,"6-C-13(A,N)8-O-16,,SIG"
F0786004,2005,S.Harissopulos+,0.0456,,2,3,1.7,2.434e+6,6013,6-C-13,A,N,8-O-16,3,4,CS,CS,1,2,"6-C-13(A,N)8-O-16,,SIG"
F0786004,2005,S.Harissopulos+,0.0386,,2,3,1.7,2.444e+6,6013,6-C-13,A,N,8-O-16,3,4,CS,CS,1,2,"6-C-13(A,N)8-O-16,,SIG"
F0786004,2005,S.Harissopulos+,0.0345,,2,3,1.7,2.454e+6,6013,6-C-13,A,N,8-O-16,3,4,CS,CS,1,2,"6-C-13(A,N)8-O-16,,SIG"
F0786004,2005,S.Harissopulos+,0.0323,,2,3,1.7,2.464e+6,6013,6-C-13,A,N,8-O-16,3,4,CS,CS,1,2,"6-C-13(A,N)8-O-16,,SIG"
F0786004,2005,S.Harissopulos+,0.0286,,2,3,1.7,2.473e+6,6013,6-C-13,A,N,8-O-16,3,4,CS,CS,1,2,"6-C-13(A,N)8-O-16,,SIG"
F0786004,2005,S.Harissopulos+,0.0262,,2,3,1.7,2.483e+6,6013,6-C-13,A,N,8-O-16,3,4,CS,CS,1,2,"6-C-13(A,N)8-O-16,,SIG"
F0786004,2005,S.Harissopulos+,0.0247,,2,3,1.7,2.493e+6,6013,6-C-13,A,N,8-O-16,3,4,CS,CS,1,2,"6-C-13(A,N)8-O-16,,SIG"
F0786004,2005,S.Harissopulos+,0.0231,,2,3,1.7,2.503e+6,6013,6-C-13,A,N,8-O-16,3,4,CS,CS,1,2,"6-C-13(A,N)8-O-16,,SIG"
F0786004,2005,S.Harissopulos+,0.0217,,2,3,1.7,2.513e+6,6013,6-C-13,A,N,8-O-16,3,4,CS,CS,1,2,"6-C-13(A,N)8-O-16,,SIG"
F0786004,2005,S.Harissopulos+,0.021,,2,3,1.7,2.524e+6,6013,6-C-13,A,N,8-O-16,3,4,CS,CS,1,2,"6-C-13(A,N)8-O-16,,SIG"
F0786004,2005,S.Harissopulos+,0.0205,,2,3,1.7,2.534e+6,6013,6-C-13,A,N,8-O-16,3,4,CS,CS,1,2,"6-C-13(A,N)8-O-16,,SIG"
F0786004,2005,S.Harissopulos+,0.0207,,2,3,1.7,2.544e+6,6013,6-C-13,A,N,8-O-16,3,4,CS,CS,1,2,"6-C-13(A,N)8-O-16,,SIG"
F0786004,2005,S.Harissopulos+,0.0211,,2,3,1.7,2.554e+6,6013,6-C-13,A,N,8-O-16,3,4,CS,CS,1,2,"6-C-13(A,N)8-O-16,,SIG"
F0786004,2005,S.Harissopulos+,0.0247,,2,3,1.7,2.565e+6,6013,6-C-13,A,N,8-O-16,3,4,CS,CS,1,2,"6-C-13(A,N)8-O-16,,SIG"
F0786004,2005,S.Harissopulos+,0.0383,,2,3,1.7,2.576e+6,6013,6-C-13,A,N,8-O-16,3,4,CS,CS,1,2,"6-C-13(A,N)8-O-16,,SIG"
F0786004,2005,S.Harissopulos+,0.0511,,2,3,1.7,2.586e+6,6013,6-C-13,A,N,8-O-16,3,4,CS,CS,1,2,"6-C-13(A,N)8-O-16,,SIG"
F0786004,2005,S.Harissopulos+,0.0462,,2,3,1.7,2.595e+6,6013,6-C-13,A,N,8-O-16,3,4,CS,CS,1,2,"6-C-13(A,N)8-O-16,,SIG"
F0786004,2005,S.Harissopulos+,0.0321,,2,3,1.7,2.602e+6,6013,6-C-13,A,N,8-O-16,3,4,CS,CS,1,2,"6-C-13(A,N)8-O-16,,SIG"
F0786004,2005,S.Harissopulos+,0.0249,,2,3,1.7,2.611e+6,6013,6-C-13,A,N,8-O-16,3,4,CS,CS,1,2,"6-C-13(A,N)8-O-16,,SIG"
F0786004,2005,S.Harissopulos+,0.0215,,2,3,1.7,2.621e+6,6013,6-C-13,A,N,8-O-16,3,4,CS,CS,1,2,"6-C-13(A,N)8-O-16,,SIG"
F0786004,2005,S.Harissopulos+,0.0204,,2,3,1.7,2.632e+6,6013,6-C-13,A,N,8-O-16,3,4,CS,CS,1,2,"6-C-13(A,N)8-O-16,,SIG"
F0786004,2005,S.Harissopulos+,0.0227,,2,3,1.7,2.643e+6,6013,6-C-13,A,N,8-O-16,3,4,CS,CS,1,2,"6-C-13(A,N)8-O-16,,SIG"
F0786004,2005,S.Harissopulos+,0.0518,,2,3,1.7,2.657e+6,6013,6-C-13,A,N,8-O-16,3,4,CS,CS,1,2,"6-C-13(A,N)8-O-16,,SIG"
F0786004,2005,S.Harissopulos+,0.0526,,2,3,1.7,2.666e+6,6013,6-C-13,A,N,8-O-16,3,4,CS,CS,1,2,"6-C-13(A,N)8-O-16,,SIG"
F0786004,2005,S.Harissopulos+,0.0396,,2,3,1.7,2.673e+6,6013,6-C-13,A,N,8-O-16,3,4,CS,CS,1,2,"6-C-13(A,N)8-O-16,,SIG"
F0786004,2005,S.Harissopulos+,0.0241,,2,3,1.7,2.681e+6,6013,6-C-13,A,N,8-O-16,3,4,CS,CS,1,2,"6-C-13(A,N)8-O-16,,SIG"
F0786004,2005,S.Harissopulos+,0.0211,,2,3,1.7,2.69e+6,6013,6-C-13,A,N,8-O-16,3,4,CS,CS,1,2,"6-C-13(A,N)8-O-16,,SIG"
F0786004,2005,S.Harissopulos+,0.0197,,2,3,1.7,2.701e+6,6013,6-C-13,A,N,8-O-16,3,4,CS,CS,1,2,"6-C-13(A,N)8-O-16,,SIG"
F0786004,2005,S.Harissopulos+,0.0196,,2,3,1.7,2.712e+6,6013,6-C-13,A,N,8-O-16,3,4,CS,CS,1,2,"6-C-13(A,N)8-O-16,,SIG"
F0786004,2005,S.Harissopulos+,0.0215,,2,3,1.7,2.723e+6,6013,6-C-13,A,N,8-O-16,3,4,CS,CS,1,2,"6-C-13(A,N)8-O-16,,SIG"
F0786004,2005,S.Harissopulos+,0.0355,,2,3,1.7,2.735e+6,6013,6-C-13,A,N,8-O-16,3,4,CS,CS,1,2,"6-C-13(A,N)8-O-16,,SIG"
F0786004,2005,S.Harissopulos+,0.0475,,2,3,1.7,2.745e+6,6013,6-C-13,A,N,8-O-16,3,4,CS,CS,1,2,"6-C-13(A,N)8-O-16,,SIG"
F0786004,2005,S.Harissopulos+,0.0419,,2,3,1.7,2.754e+6,6013,6-C-13,A,N,8-O-16,3,4,CS,CS,1,2,"6-C-13(A,N)8-O-16,,SIG"
F0786004,2005,S.Harissopulos+,0.0312,,2,3,1.7,2.762e+6,6013,6-C-13,A,N,8-O-16,3,4,CS,CS,1,2,"6-C-13(A,N)8-O-16,,SIG"
F0786004,2005,S.Harissopulos+,0.0459,,2,3,1.7,2.772e+6,6013,6-C-13,A,N,8-O-16,3,4,CS,CS,1,2,"6-C-13(A,N)8-O-16,,SIG"
F0786004,2005,S.Harissopulos+,0.108,,2,3,1.7,2.787e+6,6013,6-C-13,A,N,8-O-16,3,4,CS,CS,1,2,"6-C-13(A,N)8-O-16,,SIG"
F0786004,2005,S.Harissopulos+,0.115,,2,3,1.7,2.792e+6,6013,6-C-13,A,N,8-O-16,3,4,CS,CS,1,2,"6-C-13(A,N)8-O-16,,SIG"
F0786004,2005,S.Harissopulos+,0.108,,2,3,1.7,2.796e+6,6013,6-C-13,A,N,8-O-16,3,4,CS,CS,1,2,"6-C-13(A,N)8-O-16,,SIG"
F0786004,2005,S.Harissopulos+,0.0601,,2,3,1.7,2.801e+6,6013,6-C-13,A,N,8-O-16,3,4,CS,CS,1,2,"6-C-13(A,N)8-O-16,,SIG"
F0786004,2005,S.Harissopulos+,0.03,,2,3,1.7,2.808e+6,6013,6-C-13,A,N,8-O-16,3,4,CS,CS,1,2,"6-C-13(A,N)8-O-16,,SIG"
F0786004,2005,S.Harissopulos+,0.0226,,2,3,1.7,2.818e+6,6013,6-C-13,A,N,8-O-16,3,4,CS,CS,1,2,"6-C-13(A,N)8-O-16,,SIG"
F0786004,2005,S.Harissopulos+,0.0197,,2,3,1.7,2.83e+6,6013,6-C-13,A,N,8-O-16,3,4,CS,CS,1,2,"6-C-13(A,N)8-O-16,,SIG"
F0786004,2005,S.Harissopulos+,0.018,,2,3,1.7,2.841e+6,6013,6-C-13,A,N,8-O-16,3,4,CS,CS,1,2,"6-C-13(A,N)8-O-16,,SIG"
F0786004,2005,S.Harissopulos+,0.0171,,2,3,1.7,2.851e+6,6013,6-C-13,A,N,8-O-16,3,4,CS,CS,1,2,"6-C-13(A,N)8-O-16,,SIG"
F0786004,2005,S.Harissopulos+,0.0167,,2,3,1.7,2.862e+6,6013,6-C-13,A,N,8-O-16,3,4,CS,CS,1,2,"6-C-13(A,N)8-O-16,,SIG"
F0786004,2005,S.Harissopulos+,0.0165,,2,3,1.7,2.872e+6,6013,6-C-13,A,N,8-O-16,3,4,CS,CS,1,2,"6-C-13(A,N)8-O-16,,SIG"
F0786004,2005,S.Harissopulos+,0.0165,,2,3,1.7,2.882e+6,6013,6-C-13,A,N,8-O-16,3,4,CS,CS,1,2,"6-C-13(A,N)8-O-16,,SIG"
F0786004,2005,S.Harissopulos+,0.017,,2,3,1.7,2.892e+6,6013,6-C-13,A,N,8-O-16,3,4,CS,CS,1,2,"6-C-13(A,N)8-O-16,,SIG"
F0786004,2005,S.Harissopulos+,0.017,,2,3,1.7,2.902e+6,6013,6-C-13,A,N,8-O-16,3,4,CS,CS,1,2,"6-C-13(A,N)8-O-16,,SIG"
F0786004,2005,S.Harissopulos+,0.0173,,2,3,1.7,2.911e+6,6013,6-C-13,A,N,8-O-16,3,4,CS,CS,1,2,"6-C-13(A,N)8-O-16,,SIG"
F0786004,2005,S.Harissopulos+,0.0176,,2,3,1.7,2.921e+6,6013,6-C-13,A,N,8-O-16,3,4,CS,CS,1,2,"6-C-13(A,N)8-O-16,,SIG"
F0786004,2005,S.Harissopulos+,0.0181,,2,3,1.7,2.931e+6,6013,6-C-13,A,N,8-O-16,3,4,CS,CS,1,2,"6-C-13(A,N)8-O-16,,SIG"
F0786004,2005,S.Harissopulos+,0.0187,,2,3,1.7,2.941e+6,6013,6-C-13,A,N,8-O-16,3,4,CS,CS,1,2,"6-C-13(A,N)8-O-16,,SIG"
F0786004,2005,S.Harissopulos+,0.0198,,2,3,1.7,2.951e+6,6013,6-C-13,A,N,8-O-16,3,4,CS,CS,1,2,"6-C-13(A,N)8-O-16,,SIG"
F0786004,2005,S.Harissopulos+,0.0211,,2,3,1.7,2.962e+6,6013,6-C-13,A,N,8-O-16,3,4,CS,CS,1,2,"6-C-13(A,N)8-O-16,,SIG"
F0786004,2005,S.Harissopulos+,0.0221,,2,3,1.7,2.972e+6,6013,6-C-13,A,N,8-O-16,3,4,CS,CS,1,2,"6-C-13(A,N)8-O-16,,SIG"
F0786004,2005,S.Harissopulos+,0.0244,,2,3,1.7,2.982e+6,6013,6-C-13,A,N,8-O-16,3,4,CS,CS,1,2,"6-C-13(A,N)8-O-16,,SIG"
F0786004,2005,S.Harissopulos+,0.0276,,2,3,1.7,2.992e+6,6013,6-C-13,A,N,8-O-16,3,4,CS,CS,1,2,"6-C-13(A,N)8-O-16,,SIG"
F0786004,2005,S.Harissopulos+,0.0319,,2,3,1.7,3.002e+6,6013,6-C-13,A,N,8-O-16,3,4,CS,CS,1,2,"6-C-13(A,N)8-O-16,,SIG"
F0786004,2005,S.Harissopulos+,0.0373,,2,3,1.7,3.012e+6,6013,6-C-13,A,N,8-O-16,3,4,CS,CS,1,2,"6-C-13(A,N)8-O-16,,SIG"
F0786004,2005,S.Harissopulos+,0.0416,,2,3,1.7,3.021e+6,6013,6-C-13,A,N,8-O-16,3,4,CS,CS,1,2,"6-C-13(A,N)8-O-16,,SIG"
F0786004,2005,S.Harissopulos+,0.0458,,2,3,1.7,3.031e+6,6013,6-C-13,A,N,8-O-16,3,4,CS,CS,1,2,"6-C-13(A,N)8-O-16,,SIG"
F0786004,2005,S.Harissopulos+,0.0476,,2,3,1.7,3.041e+6,6013,6-C-13,A,N,8-O-16,3,4,CS,CS,1,2,"6-C-13(A,N)8-O-16,,SIG"
F0786004,2005,S.Harissopulos+,0.0461,,2,3,1.7,3.051e+6,6013,6-C-13,A,N,8-O-16,3,4,CS,CS,1,2,"6-C-13(A,N)8-O-16,,SIG"
F0786004,2005,S.Harissopulos+,0.0438,,2,3,1.7,3.06e+6,6013,6-C-13,A,N,8-O-16,3,4,CS,CS,1,2,"6-C-13(A,N)8-O-16,,SIG"
F0786004,2005,S.Harissopulos+,0.0412,,2,3,1.7,3.07e+6,6013,6-C-13,A,N,8-O-16,3,4,CS,CS,1,2,"6-C-13(A,N)8-O-16,,SIG"
F0786004,2005,S.Harissopulos+,0.0388,,2,3,1.7,3.08e+6,6013,6-C-13,A,N,8-O-16,3,4,CS,CS,1,2,"6-C-13(A,N)8-O-16,,SIG"
F0786004,2005,S.Harissopulos+,0.0374,,2,3,1.7,3.09e+6,6013,6-C-13,A,N,8-O-16,3,4,CS,CS,1,2,"6-C-13(A,N)8-O-16,,SIG"
F0786004,2005,S.Harissopulos+,0.0373,,2,3,1.7,3.1e+6,6013,6-C-13,A,N,8-O-16,3,4,CS,CS,1,2,"6-C-13(A,N)8-O-16,,SIG"
F0786004,2005,S.Harissopulos+,0.0369,,2,3,1.7,3.111e+6,6013,6-C-13,A,N,8-O-16,3,4,CS,CS,1,2,"6-C-13(A,N)8-O-16,,SIG"
F0786004,2005,S.Harissopulos+,0.037,,2,3,1.7,3.121e+6,6013,6-C-13,A,N,8-O-16,3,4,CS,CS,1,2,"6-C-13(A,N)8-O-16,,SIG"
F0786004,2005,S.Harissopulos+,0.0379,,2,3,1.7,3.13e+6,6013,6-C-13,A,N,8-O-16,3,4,CS,CS,1,2,"6-C-13(A,N)8-O-16,,SIG"
F0786004,2005,S.Harissopulos+,0.0392,,2,3,1.7,3.14e+6,6013,6-C-13,A,N,8-O-16,3,4,CS,CS,1,2,"6-C-13(A,N)8-O-16,,SIG"
F0786004,2005,S.Harissopulos+,0.0404,,2,3,1.7,3.15e+6,6013,6-C-13,A,N,8-O-16,3,4,CS,CS,1,2,"6-C-13(A,N)8-O-16,,SIG"
F0786004,2005,S.Harissopulos+,0.0423,,2,3,1.7,3.16e+6,6013,6-C-13,A,N,8-O-16,3,4,CS,CS,1,2,"6-C-13(A,N)8-O-16,,SIG"
F0786004,2005,S.Harissopulos+,0.0444,,2,3,1.7,3.17e+6,6013,6-C-13,A,N,8-O-16,3,4,CS,CS,1,2,"6-C-13(A,N)8-O-16,,SIG"
F0786004,2005,S.Harissopulos+,0.0472,,2,3,1.7,3.18e+6,6013,6-C-13,A,N,8-O-16,3,4,CS,CS,1,2,"6-C-13(A,N)8-O-16,,SIG"
F0786004,2005,S.Harissopulos+,0.0524,,2,3,1.7,3.19e+6,6013,6-C-13,A,N,8-O-16,3,4,CS,CS,1,2,"6-C-13(A,N)8-O-16,,SIG"
F0786004,2005,S.Harissopulos+,0.0569,,2,3,1.7,3.2e+6,6013,6-C-13,A,N,8-O-16,3,4,CS,CS,1,2,"6-C-13(A,N)8-O-16,,SIG"
F0786004,2005,S.Harissopulos+,0.0612,,2,3,1.7,3.21e+6,6013,6-C-13,A,N,8-O-16,3,4,CS,CS,1,2,"6-C-13(A,N)8-O-16,,SIG"
F0786004,2005,S.Harissopulos+,0.067,,2,3,1.7,3.22e+6,6013,6-C-13,A,N,8-O-16,3,4,CS,CS,1,2,"6-C-13(A,N)8-O-16,,SIG"
F0786004,2005,S.Harissopulos+,0.0721,,2,3,1.7,3.23e+6,6013,6-C-13,A,N,8-O-16,3,4,CS,CS,1,2,"6-C-13(A,N)8-O-16,,SIG"
F0786004,2005,S.Harissopulos+,0.0782,,2,3,1.7,3.239e+6,6013,6-C-13,A,N,8-O-16,3,4,CS,CS,1,2,"6-C-13(A,N)8-O-16,,SIG"
F0786004,2005,S.Harissopulos+,0.0858,,2,3,1.7,3.249e+6,6013,6-C-13,A,N,8-O-16,3,4,CS,CS,1,2,"6-C-13(A,N)8-O-16,,SIG"
F0786004,2005,S.Harissopulos+,0.0919,,2,3,1.7,3.259e+6,6013,6-C-13,A,N,8-O-16,3,4,CS,CS,1,2,"6-C-13(A,N)8-O-16,,SIG"
F0786004,2005,S.Harissopulos+,0.099,,2,3,1.7,3.269e+6,6013,6-C-13,A,N,8-O-16,3,4,CS,CS,1,2,"6-C-13(A,N)8-O-16,,SIG"
F0786004,2005,S.Harissopulos+,0.104,,2,3,1.7,3.279e+6,6013,6-C-13,A,N,8-O-16,3,4,CS,CS,1,2,"6-C-13(A,N)8-O-16,,SIG"
F0786004,2005,S.Harissopulos+,0.11,,2,3,1.7,3.289e+6,6013,6-C-13,A,N,8-O-16,3,4,CS,CS,1,2,"6-C-13(A,N)8-O-16,,SIG"
F0786004,2005,S.Harissopulos+,0.116,,2,3,1.7,3.299e+6,6013,6-C-13,A,N,8-O-16,3,4,CS,CS,1,2,"6-C-13(A,N)8-O-16,,SIG"
F0786004,2005,S.Harissopulos+,0.107,,2,3,1.7,3.309e+6,6013,6-C-13,A,N,8-O-16,3,4,CS,CS,1,2,"6-C-13(A,N)8-O-16,,SIG"
F0786004,2005,S.Harissopulos+,0.103,,2,3,1.7,3.319e+6,6013,6-C-13,A,N,8-O-16,3,4,CS,CS,1,2,"6-C-13(A,N)8-O-16,,SIG"
F0786004,2005,S.Harissopulos+,0.0934,,2,3,1.7,3.329e+6,6013,6-C-13,A,N,8-O-16,3,4,CS,CS,1,2,"6-C-13(A,N)8-O-16,,SIG"
F0786004,2005,S.Harissopulos+,0.0841,,2,3,1.7,3.338e+6,6013,6-C-13,A,N,8-O-16,3,4,CS,CS,1,2,"6-C-13(A,N)8-O-16,,SIG"
F0786004,2005,S.Harissopulos+,0.0797,,2,3,1.7,3.348e+6,6013,6-C-13,A,N,8-O-16,3,4,CS,CS,1,2,"6-C-13(A,N)8-O-16,,SIG"
F0786004,2005,S.Harissopulos+,0.0699,,2,3,1.7,3.358e+6,6013,6-C-13,A,N,8-O-16,3,4,CS,CS,1,2,"6-C-13(A,N)8-O-16,,SIG"
F0786004,2005,S.Harissopulos+,0.0689,,2,3,1.7,3.368e+6,6013,6-C-13,A,N,8-O-16,3,4,CS,CS,1,2,"6-C-13(A,N)8-O-16,,SIG"
F0786004,2005,S.Harissopulos+,0.0688,,2,3,1.7,3.378e+6,6013,6-C-13,A,N,8-O-16,3,4,CS,CS,1,2,"6-C-13(A,N)8-O-16,,SIG"
F0786004,2005,S.Harissopulos+,0.0764,,2,3,1.7,3.388e+6,6013,6-C-13,A,N,8-O-16,3,4,CS,CS,1,2,"6-C-13(A,N)8-O-16,,SIG"
F0786004,2005,S.Harissopulos+,0.0886,,2,3,1.7,3.399e+6,6013,6-C-13,A,N,8-O-16,3,4,CS,CS,1,2,"6-C-13(A,N)8-O-16,,SIG"
F0786004,2005,S.Harissopulos+,0.0856,,2,3,1.7,3.409e+6,6013,6-C-13,A,N,8-O-16,3,4,CS,CS,1,2,"6-C-13(A,N)8-O-16,,SIG"
F0786004,2005,S.Harissopulos+,0.0688,,2,3,1.7,3.418e+6,6013,6-C-13,A,N,8-O-16,3,4,CS,CS,1,2,"6-C-13(A,N)8-O-16,,SIG"
F0786004,2005,S.Harissopulos+,0.048,,2,3,1.7,3.427e+6,6013,6-C-13,A,N,8-O-16,3,4,CS,CS,1,2,"6-C-13(A,N)8-O-16,,SIG"
F0786004,2005,S.Harissopulos+,0.0347,,2,3,1.7,3.436e+6,6013,6-C-13,A,N,8-O-16,3,4,CS,CS,1,2,"6-C-13(A,N)8-O-16,,SIG"
F0786004,2005,S.Harissopulos+,0.0257,,2,3,1.7,3.446e+6,6013,6-C-13,A,N,8-O-16,3,4,CS,CS,1,2,"6-C-13(A,N)8-O-16,,SIG"
F0786004,2005,S.Harissopulos+,0.0207,,2,3,1.7,3.457e+6,6013,6-C-13,A,N,8-O-16,3,4,CS,CS,1,2,"6-C-13(A,N)8-O-16,,SIG"
F0786004,2005,S.Harissopulos+,0.0171,,2,3,1.7,3.466e+6,6013,6-C-13,A,N,8-O-16,3,4,CS,CS,1,2,"6-C-13(A,N)8-O-16,,SIG"
F0786004,2005,S.Harissopulos+,0.0142,,2,3,1.7,3.476e+6,6013,6-C-13,A,N,8-O-16,3,4,CS,CS,1,2,"6-C-13(A,N)8-O-16,,SIG"
F0786004,2005,S.Harissopulos+,0.0122,,2,3,1.7,3.486e+6,6013,6-C-13,A,N,8-O-16,3,4,CS,CS,1,2,"6-C-13(A,N)8-O-16,,SIG"
F0786004,2005,S.Harissopulos+,0.0106,,2,3,1.7,3.497e+6,6013,6-C-13,A,N,8-O-16,3,4,CS,CS,1,2,"6-C-13(A,N)8-O-16,,SIG"
F0786004,2005,S.Harissopulos+,0.00918,,2,3,1.7,3.507e+6,6013,6-C-13,A,N,8-O-16,3,4,CS,CS,1,2,"6-C-13(A,N)8-O-16,,SIG"
F0786004,2005,S.Harissopulos+,0.00798,,2,3,1.7,3.517e+6,6013,6-C-13,A,N,8-O-16,3,4,CS,CS,1,2,"6-C-13(A,N)8-O-16,,SIG"
F0786004,2005,S.Harissopulos+,0.00709,,2,3,1.7,3.527e+6,6013,6-C-13,A,N,8-O-16,3,4,CS,CS,1,2,"6-C-13(A,N)8-O-16,,SIG"
F0786004,2005,S.Harissopulos+,0.00636,,2,3,1.7,3.537e+6,6013,6-C-13,A,N,8-O-16,3,4,CS,CS,1,2,"6-C-13(A,N)8-O-16,,SIG"
F0786004,2005,S.Harissopulos+,0.0058,,2,3,1.7,3.547e+6,6013,6-C-13,A,N,8-O-16,3,4,CS,CS,1,2,"6-C-13(A,N)8-O-16,,SIG"
F0786004,2005,S.Harissopulos+,0.00521,,2,3,1.7,3.557e+6,6013,6-C-13,A,N,8-O-16,3,4,CS,CS,1,2,"6-C-13(A,N)8-O-16,,SIG"
F0786004,2005,S.Harissopulos+,0.00471,,2,3,1.7,3.567e+6,6013,6-C-13,A,N,8-O-16,3,4,CS,CS,1,2,"6-C-13(A,N)8-O-16,,SIG"
F0786004,2005,S.Harissopulos+,0.0041,,2,3,1.7,3.576e+6,6013,6-C-13,A,N,8-O-16,3,4,CS,CS,1,2,"6-C-13(A,N)8-O-16,,SIG"
F0786004,2005,S.Harissopulos+,0.0036,,2,3,1.7,3.586e+6,6013,6-C-13,A,N,8-O-16,3,4,CS,CS,1,2,"6-C-13(A,N)8-O-16,,SIG"
F0786004,2005,S.Harissopulos+,0.00319,,2,3,1.7,3.596e+6,6013,6-C-13,A,N,8-O-16,3,4,CS,CS,1,2,"6-C-13(A,N)8-O-16,,SIG"
F0786004,2005,S.Harissopulos+,0.00289,,2,3,1.7,3.606e+6,6013,6-C-13,A,N,8-O-16,3,4,CS,CS,1,2,"6-C-13(A,N)8-O-16,,SIG"
F0786004,2005,S.Harissopulos+,0.00455,,2,3,1.7,3.618e+6,6013,6-C-13,A,N,8-O-16,3,4,CS,CS,1,2,"6-C-13(A,N)8-O-16,,SIG"
F0786004,2005,S.Harissopulos+,0.0102,,2,3,1.7,3.63e+6,6013,6-C-13,A,N,8-O-16,3,4,CS,CS,1,2,"6-C-13(A,N)8-O-16,,SIG"
F0786004,2005,S.Harissopulos+,0.00934,,2,3,1.7,3.638e+6,6013,6-C-13,A,N,8-O-16,3,4,CS,CS,1,2,"6-C-13(A,N)8-O-16,,SIG"
F0786004,2005,S.Harissopulos+,0.00585,,2,3,1.7,3.645e+6,6013,6-C-13,A,N,8-O-16,3,4,CS,CS,1,2,"6-C-13(A,N)8-O-16,,SIG"
F0786004,2005,S.Harissopulos+,0.00463,,2,3,1.7,3.655e+6,6013,6-C-13,A,N,8-O-16,3,4,CS,CS,1,2,"6-C-13(A,N)8-O-16,,SIG"
F0786004,2005,S.Harissopulos+,0.00431,,2,3,1.7,3.666e+6,6013,6-C-13,A,N,8-O-16,3,4,CS,CS,1,2,"6-C-13(A,N)8-O-16,,SIG"
F0786004,2005,S.Harissopulos+,0.00497,,2,3,1.7,3.677e+6,6013,6-C-13,A,N,8-O-16,3,4,CS,CS,1,2,"6-C-13(A,N)8-O-16,,SIG"
F0786004,2005,S.Harissopulos+,0.0191,,2,3,1.7,3.691e+6,6013,6-C-13,A,N,8-O-16,3,4,CS,CS,1,2,"6-C-13(A,N)8-O-16,,SIG"
F0786004,2005,S.Harissopulos+,0.0333,,2,3,1.7,3.699e+6,6013,6-C-13,A,N,8-O-16,3,4,CS,CS,1,2,"6-C-13(A,N)8-O-16,,SIG"
F0786004,2005,S.Harissopulos+,0.0194,,2,3,1.7,3.706e+6,6013,6-C-13,A,N,8-O-16,3,4,CS,CS,1,2,"6-C-13(A,N)8-O-16,,SIG"
F0786004,2005,S.Harissopulos+,0.00744,,2,3,1.7,3.713e+6,6013,6-C-13,A,N,8-O-16,3,4,CS,CS,1,2,"6-C-13(A,N)8-O-16,,SIG"
F0786004,2005,S.Harissopulos+,0.00416,,2,3,1.7,3.722e+6,6013,6-C-13,A,N,8-O-16,3,4,CS,CS,1,2,"6-C-13(A,N)8-O-16,,SIG"
F0786004,2005,S.Harissopulos+,0.00275,,2,3,1.7,3.733e+6,6013,6-C-13,A,N,8-O-16,3,4,CS,CS,1,2,"6-C-13(A,N)8-O-16,,SIG"
F0786004,2005,S.Harissopulos+,0.00231,,2,3,1.7,3.744e+6,6013,6-C-13,A,N,8-O-16,3,4,CS,CS,1,2,"6-C-13(A,N)8-O-16,,SIG"
F0786004,2005,S.Harissopulos+,0.00203,,2,3,1.7,3.755e+6,6013,6-C-13,A,N,8-O-16,3,4,CS,CS,1,2,"6-C-13(A,N)8-O-16,,SIG"
F0786004,2005,S.Harissopulos+,0.00172,,2,3,1.7,3.765e+6,6013,6-C-13,A,N,8-O-16,3,4,CS,CS,1,2,"6-C-13(A,N)8-O-16,,SIG"
F0786004,2005,S.Harissopulos+,0.0016,,2,3,1.7,3.775e+6,6013,6-C-13,A,N,8-O-16,3,4,CS,CS,1,2,"6-C-13(A,N)8-O-16,,SIG"
F0786004,2005,S.Harissopulos+,0.00153,,2,3,1.7,3.786e+6,6013,6-C-13,A,N,8-O-16,3,4,CS,CS,1,2,"6-C-13(A,N)8-O-16,,SIG"
F0786004,2005,S.Harissopulos+,0.0015,,2,3,1.7,3.795e+6,6013,6-C-13,A,N,8-O-16,3,4,CS,CS,1,2,"6-C-13(A,N)8-O-16,,SIG"
F0786004,2005,S.Harissopulos+,0.00147,,2,3,1.7,3.805e+6,6013,6-C-13,A,N,8-O-16,3,4,CS,CS,1,2,"6-C-13(A,N)8-O-16,,SIG"
F0786004,2005,S.Harissopulos+,0.00142,,2,3,1.7,3.815e+6,6013,6-C-13,A,N,8-O-16,3,4,CS,CS,1,2,"6-C-13(A,N)8-O-16,,SIG"
F0786004,2005,S.Harissopulos+,0.00139,,2,3,1.7,3.825e+6,6013,6-C-13,A,N,8-O-16,3,4,CS,CS,1,2,"6-C-13(A,N)8-O-16,,SIG"
F0786004,2005,S.Harissopulos+,0.00136,,2,3,1.7,3.835e+6,6013,6-C-13,A,N,8-O-16,3,4,CS,CS,1,2,"6-C-13(A,N)8-O-16,,SIG"
F0786004,2005,S.Harissopulos+,0.00139,,2,3,1.7,3.845e+6,6013,6-C-13,A,N,8-O-16,3,4,CS,CS,1,2,"6-C-13(A,N)8-O-16,,SIG"
F0786004,2005,S.Harissopulos+,0.00137,,2,3,1.7,3.855e+6,6013,6-C-13,A,N,8-O-16,3,4,CS,CS,1,2,"6-C-13(A,N)8-O-16,,SIG"
F0786004,2005,S.Harissopulos+,0.00143,,2,3,1.7,3.865e+6,6013,6-C-13,A,N,8-O-16,3,4,CS,CS,1,2,"6-C-13(A,N)8-O-16,,SIG"
F0786004,2005,S.Harissopulos+,0.00147,,2,3,1.7,3.875e+6,6013,6-C-13,A,N,8-O-16,3,4,CS,CS,1,2,"6-C-13(A,N)8-O-16,,SIG"
F0786004,2005,S.Harissopulos+,0.00157,,2,3,1.7,3.885e+6,6013,6-C-13,A,N,8-O-16,3,4,CS,CS,1,2,"6-C-13(A,N)8-O-16,,SIG"
F0786004,2005,S.Harissopulos+,0.00171,,2,3,1.7,3.895e+6,6013,6-C-13,A,N,8-O-16,3,4,CS,CS,1,2,"6-C-13(A,N)8-O-16,,SIG"
F0786004,2005,S.Harissopulos+,0.00184,,2,3,1.7,3.905e+6,6013,6-C-13,A,N,8-O-16,3,4,CS,CS,1,2,"6-C-13(A,N)8-O-16,,SIG"
F0786004,2005,S.Harissopulos+,0.00201,,2,3,1.7,3.915e+6,6013,6-C-13,A,N,8-O-16,3,4,CS,CS,1,2,"6-C-13(A,N)8-O-16,,SIG"
F0786004,2005,S.Harissopulos+,0.00228,,2,3,1.7,3.925e+6,6013,6-C-13,A,N,8-O-16,3,4,CS,CS,1,2,"6-C-13(A,N)8-O-16,,SIG"
F0786004,2005,S.Harissopulos+,0.00261,,2,3,1.7,3.935e+6,6013,6-C-13,A,N,8-O-16,3,4,CS,CS,1,2,"6-C-13(A,N)8-O-16,,SIG"
F0786004,2005,S.Harissopulos+,0.00295,,2,3,1.7,3.945e+6,6013,6-C-13,A,N,8-O-16,3,4,CS,CS,1,2,"6-C-13(A,N)8-O-16,,SIG"
F0786004,2005,S.Harissopulos+,0.00343,,2,3,1.7,3.955e+6,6013,6-C-13,A,N,8-O-16,3,4,CS,CS,1,2,"6-C-13(A,N)8-O-16,,SIG"
F0786004,2005,S.Harissopulos+,0.00407,,2,3,1.7,3.965e+6,6013,6-C-13,A,N,8-O-16,3,4,CS,CS,1,2,"6-C-13(A,N)8-O-16,,SIG"
F0786004,2005,S.Harissopulos+,0.00462,,2,3,1.7,3.975e+6,6013,6-C-13,A,N,8-O-16,3,4,CS,CS,1,2,"6-C-13(A,N)8-O-16,,SIG"
F0786004,2005,S.Harissopulos+,0.00514,,2,3,1.7,3.985e+6,6013,6-C-13,A,N,8-O-16,3,4,CS,CS,1,2,"6-C-13(A,N)8-O-16,,SIG"
F0786004,2005,S.Harissopulos+,0.00562,,2,3,1.7,3.995e+6,6013,6-C-13,A,N,8-O-16,3,4,CS,CS,1,2,"6-C-13(A,N)8-O-16,,SIG"
F0786004,2005,S.Harissopulos+,0.0062,,2,3,1.7,4.005e+6,6013,6-C-13,A,N,8-O-16,3,4,CS,CS,1,2,"6-C-13(A,N)8-O-16,,SIG"
F0786004,2005,S.Harissopulos+,0.00655,,2,3,1.7,4.014e+6,6013,6-C-13,A,N,8-O-16,3,4,CS,CS,1,2,"6-C-13(A,N)8-O-16,,SIG"
F0786004,2005,S.Harissopulos+,0.00705,,2,3,1.7,4.024e+6,6013,6-C-13,A,N,8-O-16,3,4,CS,CS,1,2,"6-C-13(A,N)8-O-16,,SIG"
F0786004,2005,S.Harissopulos+,0.00759,,2,3,1.7,4.034e+6,6013,6-C-13,A,N,8-O-16,3,4,CS,CS,1,2,"6-C-13(A,N)8-O-16,,SIG"
F0786004,2005,S.Harissopulos+,0.00883,,2,3,1.7,4.044e+6,6013,6-C-13,A,N,8-O-16,3,4,CS,CS,1,2,"6-C-13(A,N)8-O-16,,SIG"
F0786004,2005,S.Harissopulos+,0.0125,,2,3,1.7,4.055e+6,6013,6-C-13,A,N,8-O-16,3,4,CS,CS,1,2,"6-C-13(A,N)8-O-16,,SIG"
F0786004,2005,S.Harissopulos+,0.0202,,2,3,1.7,4.065e+6,6013,6-C-13,A,N,8-O-16,3,4,CS,CS,1,2,"6-C-13(A,N)8-O-16,,SIG"
F0786004,2005,S.Harissopulos+,0.0207,,2,3,1.7,4.074e+6,6013,6-C-13,A,N,8-O-16,3,4,CS,CS,1,2,"6-C-13(A,N)8-O-16,,SIG"
F0786004,2005,S.Harissopulos+,0.0148,,2,3,1.7,4.083e+6,6013,6-C-13,A,N,8-O-16,3,4,CS,CS,1,2,"6-C-13(A,N)8-O-16,,SIG"
F0786004,2005,S.Harissopulos+,0.0109,,2,3,1.7,4.092e+6,6013,6-C-13,A,N,8-O-16,3,4,CS,CS,1,2,"6-C-13(A,N)8-O-16,,SIG"
F0786004,2005,S.Harissopulos+,0.00885,,2,3,1.7,4.102e+6,6013,6-C-13,A,N,8-O-16,3,4,CS,CS,1,2,"6-C-13(A,N)8-O-16,,SIG"
F0786004,2005,S.Harissopulos+,0.00796,,2,3,1.7,4.113e+6,6013,6-C-13,A,N,8-O-16,3,4,CS,CS,1,2,"6-C-13(A,N)8-O-16,,SIG"
F0786004,2005,S.Harissopulos+,0.00728,,2,3,1.7,4.122e+6,6013,6-C-13,A,N,8-O-16,3,4,CS,CS,1,2,"6-C-13(A,N)8-O-16,,SIG"
F0786004,2005,S.Harissopulos+,0.00681,,2,3,1.7,4.132e+6,6013,6-C-13,A,N,8-O-16,3,4,CS,CS,1,2,"6-C-13(A,N)8-O-16,,SIG"
F0786004,2005,S.Harissopulos+,0.00661,,2,3,1.7,4.142e+6,6013,6-C-13,A,N,8-O-16,3,4,CS,CS,1,2,"6-C-13(A,N)8-O-16,,SIG"
F0786004,2005,S.Harissopulos+,0.00637,,2,3,1.7,4.152e+6,6013,6-C-13,A,N,8-O-16,3,4,CS,CS,1,2,"6-C-13(A,N)8-O-16,,SIG"
F0786004,2005,S.Harissopulos+,0.0062,,2,3,1.7,4.162e+6,6013,6-C-13,A,N,8-O-16,3,4,CS,CS,1,2,"6-C-13(A,N)8-O-16,,SIG"
F0786004,2005,S.Harissopulos+,0.00619,,2,3,1.7,4.172e+6,6013,6-C-13,A,N,8-O-16,3,4,CS,CS,1,2,"6-C-13(A,N)8-O-16,,SIG"
F0786004,2005,S.Harissopulos+,0.0061,,2,3,1.7,4.183e+6,6013,6-C-13,A,N,8-O-16,3,4,CS,CS,1,2,"6-C-13(A,N)8-O-16,,SIG"
F0786004,2005,S.Harissopulos+,0.00603,,2,3,1.7,4.193e+6,6013,6-C-13,A,N,8-O-16,3,4,CS,CS,1,2,"6-C-13(A,N)8-O-16,,SIG"
F0786004,2005,S.Harissopulos+,0.00607,,2,3,1.7,4.203e+6,6013,6-C-13,A,N,8-O-16,3,4,CS,CS,1,2,"6-C-13(A,N)8-O-16,,SIG"
F0786004,2005,S.Harissopulos+,0.00617,,2,3,1.7,4.213e+6,6013,6-C-13,A,N,8-O-16,3,4,CS,CS,1,2,"6-C-13(A,N)8-O-16,,SIG"
F0786004,2005,S.Harissopulos+,0.00623,,2,3,1.7,4.223e+6,6013,6-C-13,A,N,8-O-16,3,4,CS,CS,1,2,"6-C-13(A,N)8-O-16,,SIG"
F0786004,2005,S.Harissopulos+,0.00643,,2,3,1.7,4.232e+6,6013,6-C-13,A,N,8-O-16,3,4,CS,CS,1,2,"6-C-13(A,N)8-O-16,,SIG"
F0786004,2005,S.Harissopulos+,0.00659,,2,3,1.7,4.242e+6,6013,6-C-13,A,N,8-O-16,3,4,CS,CS,1,2,"6-C-13(A,N)8-O-16,,SIG"
F0786004,2005,S.Harissopulos+,0.00686,,2,3,1.7,4.252e+6,6013,6-C-13,A,N,8-O-16,3,4,CS,CS,1,2,"6-C-13(A,N)8-O-16,,SIG"
F0786004,2005,S.Harissopulos+,0.00715,,2,3,1.7,4.262e+6,6013,6-C-13,A,N,8-O-16,3,4,CS,CS,1,2,"6-C-13(A,N)8-O-16,,SIG"
F0786004,2005,S.Harissopulos+,0.0077,,2,3,1.7,4.272e+6,6013,6-C-13,A,N,8-O-16,3,4,CS,CS,1,2,"6-C-13(A,N)8-O-16,,SIG"
F0786004,2005,S.Harissopulos+,0.00855,,2,3,1.7,4.282e+6,6013,6-C-13,A,N,8-O-16,3,4,CS,CS,1,2,"6-C-13(A,N)8-O-16,,SIG"
F0786004,2005,S.Harissopulos+,0.0097,,2,3,1.7,4.292e+6,6013,6-C-13,A,N,8-O-16,3,4,CS,CS,1,2,"6-C-13(A,N)8-O-16,,SIG"
F0786004,2005,S.Harissopulos+,0.011,,2,3,1.7,4.302e+6,6013,6-C-13,A,N,8-O-16,3,4,CS,CS,1,2,"6-C-13(A,N)8-O-16,,SIG"
F0786004,2005,S.Harissopulos+,0.0137,,2,3,1.7,4.313e+6,6013,6-C-13,A,N,8-O-16,3,4,CS,CS,1,2,"6-C-13(A,N)8-O-16,,SIG"
F0786004,2005,S.Harissopulos+,0.0181,,2,3,1.7,4.323e+6,6013,6-C-13,A,N,8-O-16,3,4,CS,CS,1,2,"6-C-13(A,N)8-O-16,,SIG"
F0786004,2005,S.Harissopulos+,0.0267,,2,3,1.7,4.333e+6,6013,6-C-13,A,N,8-O-16,3,4,CS,CS,1,2,"6-C-13(A,N)8-O-16,,SIG"
F0786004,2005,S.Harissopulos+,0.0433,,2,3,1.7,4.343e+6,6013,6-C-13,A,N,8-O-16,3,4,CS,CS,1,2,"6-C-13(A,N)8-O-16,,SIG"
F0786004,2005,S.Harissopulos+,0.0717,,2,3,1.7,4.353e+6,6013,6-C-13,A,N,8-O-16,3,4,CS,CS,1,2,"6-C-13(A,N)8-O-16,,SIG"
F0786004,2005,S.Harissopulos+,0.0898,,2,3,1.7,4.362e+6,6013,6-C-13,A,N,8-O-16,3,4,CS,CS,1,2,"6-C-13(A,N)8-O-16,,SIG"
F0786004,2005,S.Harissopulos+,0.076,,2,3,1.7,4.371e+6,6013,6-C-13,A,N,8-O-16,3,4,CS,CS,1,2,"6-C-13(A,N)8-O-16,,SIG"
F0786004,2005,S.Harissopulos+,0.0496,,2,3,1.7,4.38e+6,6013,6-C-13,A,N,8-O-16,3,4,CS,CS,1,2,"6-C-13(A,N)8-O-16,,SIG"
F0786004,2005,S.Harissopulos+,0.0317,,2,3,1.7,4.389e+6,6013,6-C-13,A,N,8-O-16,3,4,CS,CS,1,2,"6-C-13(A,N)8-O-16,,SIG"
F0786004,2005,S.Harissopulos+,0.0223,,2,3,1.7,4.399e+6,6013,6-C-13,A,N,8-O-16,3,4,CS,CS,1,2,"6-C-13(A,N)8-O-16,,SIG"
F0786004,2005,S.Harissopulos+,0.0169,,2,3,1.7,4.41e+6,6013,6-C-13,A,N,8-O-16,3,4,CS,CS,1,2,"6-C-13(A,N)8-O-16,,SIG"
F0786004,2005,S.Harissopulos+,0.0137,,2,3,1.7,4.42e+6,6013,6-C-13,A,N,8-O-16,3,4,CS,CS,1,2,"6-C-13(A,N)8-O-16,,SIG"
F0786004,2005,S.Harissopulos+,0.0121,,2,3,1.7,4.43e+6,6013,6-C-13,A,N,8-O-16,3,4,CS,CS,1,2,"6-C-13(A,N)8-O-16,,SIG"
F0786004,2005,S.Harissopulos+,0.0114,,2,3,1.7,4.441e+6,6013,6-C-13,A,N,8-O-16,3,4,CS,CS,1,2,"6-C-13(A,N)8-O-16,,SIG"
F0786004,2005,S.Harissopulos+,0.0101,,2,3,1.7,4.451e+6,6013,6-C-13,A,N,8-O-16,3,4,CS,CS,1,2,"6-C-13(A,N)8-O-16,,SIG"
F0786004,2005,S.Harissopulos+,0.0077,,2,3,1.7,4.459e+6,6013,6-C-13,A,N,8-O-16,3,4,CS,CS,1,2,"6-C-13(A,N)8-O-16,,SIG"
F0786004,2005,S.Harissopulos+,0.00659,,2,3,1.7,4.469e+6,6013,6-C-13,A,N,8-O-16,3,4,CS,CS,1,2,"6-C-13(A,N)8-O-16,,SIG"
F0786004,2005,S.Harissopulos+,0.00647,,2,3,1.7,4.48e+6,6013,6-C-13,A,N,8-O-16,3,4,CS,CS,1,2,"6-C-13(A,N)8-O-16,,SIG"
F0786004,2005,S.Harissopulos+,0.00705,,2,3,1.7,4.49e+6,6013,6-C-13,A,N,8-O-16,3,4,CS,CS,1,2,"6-C-13(A,N)8-O-16,,SIG"
F0786004,2005,S.Harissopulos+,0.00751,,2,3,1.7,4.5e+6,6013,6-C-13,A,N,8-O-16,3,4,CS,CS,1,2,"6-C-13(A,N)8-O-16,,SIG"
F0786004,2005,S.Harissopulos+,0.00799,,2,3,1.7,4.51e+6,6013,6-C-13,A,N,8-O-16,3,4,CS,CS,1,2,"6-C-13(A,N)8-O-16,,SIG"
F0786004,2005,S.Harissopulos+,0.0101,,2,3,1.7,4.521e+6,6013,6-C-13,A,N,8-O-16,3,4,CS,CS,1,2,"6-C-13(A,N)8-O-16,,SIG"
F0786004,2005,S.Harissopulos+,0.0109,,2,3,1.7,4.531e+6,6013,6-C-13,A,N,8-O-16,3,4,CS,CS,1,2,"6-C-13(A,N)8-O-16,,SIG"
F0786004,2005,S.Harissopulos+,0.0171,,2,3,1.7,4.541e+6,6013,6-C-13,A,N,8-O-16,3,4,CS,CS,1,2,"6-C-13(A,N)8-O-16,,SIG"
F0786004,2005,S.Harissopulos+,0.0551,,2,3,1.7,4.549e+6,6013,6-C-13,A,N,8-O-16,3,4,CS,CS,1,2,"6-C-13(A,N)8-O-16,,SIG"
F0786004,2005,S.Harissopulos+,0.0807,,2,3,1.7,4.554e+6,6013,6-C-13,A,N,8-O-16,3,4,CS,CS,1,2,"6-C-13(A,N)8-O-16,,SIG"
F0786004,2005,S.Harissopulos+,0.0896,,2,3,1.7,4.558e+6,6013,6-C-13,A,N,8-O-16,3,4,CS,CS,1,2,"6-C-13(A,N)8-O-16,,SIG"
F0786004,2005,S.Harissopulos+,0.0762,,2,3,1.7,4.561e+6,6013,6-C-13,A,N,8-O-16,3,4,CS,CS,1,2,"6-C-13(A,N)8-O-16,,SIG"
F0786004,2005,S.Harissopulos+,0.0577,,2,3,1.7,4.564e+6,6013,6-C-13,A,N,8-O-16,3,4,CS,CS,1,2,"6-C-13(A,N)8-O-16,,SIG"
F0786004,2005,S.Harissopulos+,0.045,,2,3,1.7,4.568e+6,6013,6-C-13,A,N,8-O-16,3,4,CS,CS,1,2,"6-C-13(A,N)8-O-16,,SIG"
F0786004,2005,S.Harissopulos+,0.0371,,2,3,1.7,4.578e+6,6013,6-C-13,A,N,8-O-16,3,4,CS,CS,1,2,"6-C-13(A,N)8-O-16,,SIG"
F0786004,2005,S.Harissopulos+,0.0274,,2,3,1.7,4.588e+6,6013,6-C-13,A,N,8-O-16,3,4,CS,CS,1,2,"6-C-13(A,N)8-O-16,,SIG"
F0786004,2005,S.Harissopulos+,0.0216,,2,3,1.7,4.598e+6,6013,6-C-13,A,N,8-O-16,3,4,CS,CS,1,2,"6-C-13(A,N)8-O-16,,SIG"
F0786004,2005,S.Harissopulos+,0.0201,,2,3,1.7,4.609e+6,6013,6-C-13,A,N,8-O-16,3,4,CS,CS,1,2,"6-C-13(A,N)8-O-16,,SIG"
F0786004,2005,S.Harissopulos+,0.0202,,2,3,1.7,4.619e+6,6013,6-C-13,A,N,8-O-16,3,4,CS,CS,1,2,"6-C-13(A,N)8-O-16,,SIG"
F0786004,2005,S.Harissopulos+,0.021,,2,3,1.7,4.629e+6,6013,6-C-13,A,N,8-O-16,3,4,CS,CS,1,2,"6-C-13(A,N)8-O-16,,SIG"
F0786004,2005,S.Harissopulos+,0.0225,,2,3,1.7,4.639e+6,6013,6-C-13,A,N,8-O-16,3,4,CS,CS,1,2,"6-C-13(A,N)8-O-16,,SIG"
F0786004,2005,S.Harissopulos+,0.0242,,2,3,1.7,4.649e+6,6013,6-C-13,A,N,8-O-16,3,4,CS,CS,1,2,"6-C-13(A,N)8-O-16,,SIG"
F0786004,2005,S.Harissopulos+,0.0259,,2,3,1.7,4.659e+6,6013,6-C-13,A,N,8-O-16,3,4,CS,CS,1,2,"6-C-13(A,N)8-O-16,,SIG"
F0786004,2005,S.Harissopulos+,0.0281,,2,3,1.7,4.67e+6,6013,6-C-13,A,N,8-O-16,3,4,CS,CS,1,2,"6-C-13(A,N)8-O-16,,SIG"
F0786004,2005,S.Harissopulos+,0.0293,,2,3,1.7,4.679e+6,6013,6-C-13,A,N,8-O-16,3,4,CS,CS,1,2,"6-C-13(A,N)8-O-16,,SIG"
F0786004,2005,S.Harissopulos+,0.0299,,2,3,1.7,4.688e+6,6013,6-C-13,A,N,8-O-16,3,4,CS,CS,1,2,"6-C-13(A,N)8-O-16,,SIG"
F0786004,2005,S.Harissopulos+,0.0303,,2,3,1.7,4.698e+6,6013,6-C-13,A,N,8-O-16,3,4,CS,CS,1,2,"6-C-13(A,N)8-O-16,,SIG"
F0786004,2005,S.Harissopulos+,0.0298,,2,3,1.7,4.708e+6,6013,6-C-13,A,N,8-O-16,3,4,CS,CS,1,2,"6-C-13(A,N)8-O-16,,SIG"
F0786004,2005,S.Harissopulos+,0.03,,2,3,1.7,4.718e+6,6013,6-C-13,A,N,8-O-16,3,4,CS,CS,1,2,"6-C-13(A,N)8-O-16,,SIG"
F0786004,2005,S.Harissopulos+,0.0298,,2,3,1.7,4.728e+6,6013,6-C-13,A,N,8-O-16,3,4,CS,CS,1,2,"6-C-13(A,N)8-O-16,,SIG"
F0786004,2005,S.Harissopulos+,0.0296,,2,3,1.7,4.738e+6,6013,6-C-13,A,N,8-O-16,3,4,CS,CS,1,2,"6-C-13(A,N)8-O-16,,SIG"
F0786004,2005,S.Harissopulos+,0.0301,,2,3,1.7,4.748e+6,6013,6-C-13,A,N,8-O-16,3,4,CS,CS,1,2,"6-C-13(A,N)8-O-16,,SIG"
F0786004,2005,S.Harissopulos+,0.0306,,2,3,1.7,4.758e+6,6013,6-C-13,A,N,8-O-16,3,4,CS,CS,1,2,"6-C-13(A,N)8-O-16,,SIG"
F0786004,2005,S.Harissopulos+,0.031,,2,3,1.7,4.768e+6,6013,6-C-13,A,N,8-O-16,3,4,CS,CS,1,2,"6-C-13(A,N)8-O-16,,SIG"
F0786004,2005,S.Harissopulos+,0.0313,,2,3,1.7,4.778e+6,6013,6-C-13,A,N,8-O-16,3,4,CS,CS,1,2,"6-C-13(A,N)8-O-16,,SIG"
F0786004,2005,S.Harissopulos+,0.0298,,2,3,1.7,4.787e+6,6013,6-C-13,A,N,8-O-16,3,4,CS,CS,1,2,"6-C-13(A,N)8-O-16,,SIG"
F0786004,2005,S.Harissopulos+,0.029,,2,3,1.7,4.797e+6,6013,6-C-13,A,N,8-O-16,3,4,CS,CS,1,2,"6-C-13(A,N)8-O-16,,SIG"
F0786004,2005,S.Harissopulos+,0.027,,2,3,1.7,4.807e+6,6013,6-C-13,A,N,8-O-16,3,4,CS,CS,1,2,"6-C-13(A,N)8-O-16,,SIG"
F0786004,2005,S.Harissopulos+,0.0255,,2,3,1.7,4.817e+6,6013,6-C-13,A,N,8-O-16,3,4,CS,CS,1,2,"6-C-13(A,N)8-O-16,,SIG"
F0786004,2005,S.Harissopulos+,0.0249,,2,3,1.7,4.827e+6,6013,6-C-13,A,N,8-O-16,3,4,CS,CS,1,2,"6-C-13(A,N)8-O-16,,SIG"
F0786004,2005,S.Harissopulos+,0.0248,,2,3,1.7,4.837e+6,6013,6-C-13,A,N,8-O-16,3,4,CS,CS,1,2,"6-C-13(A,N)8-O-16,,SIG"
F0786004,2005,S.Harissopulos+,0.0258,,2,3,1.7,4.848e+6,6013,6-C-13,A,N,8-O-16,3,4,CS,CS,1,2,"6-C-13(A,N)8-O-16,,SIG"
F0786004,2005,S.Harissopulos+,0.0272,,2,3,1.7,4.858e+6,6013,6-C-13,A,N,8-O-16,3,4,CS,CS,1,2,"6-C-13(A,N)8-O-16,,SIG"
F0786004,2005,S.Harissopulos+,0.0296,,2,3,1.7,4.868e+6,6013,6-C-13,A,N,8-O-16,3,4,CS,CS,1,2,"6-C-13(A,N)8-O-16,,SIG"
F0786004,2005,S.Harissopulos+,0.0329,,2,3,1.7,4.878e+6,6013,6-C-13,A,N,8-O-16,3,4,CS,CS,1,2,"6-C-13(A,N)8-O-16,,SIG"
F0786004,2005,S.Harissopulos+,0.0378,,2,3,1.7,4.888e+6,6013,6-C-13,A,N,8-O-16,3,4,CS,CS,1,2,"6-C-13(A,N)8-O-16,,SIG"
F0786004,2005,S.Harissopulos+,0.0442,,2,3,1.7,4.897e+6,6013,6-C-13,A,N,8-O-16,3,4,CS,CS,1,2,"6-C-13(A,N)8-O-16,,SIG"
F0786004,2005,S.Harissopulos+,0.053,,2,3,1.7,4.907e+6,6013,6-C-13,A,N,8-O-16,3,4,CS,CS,1,2,"6-C-13(A,N)8-O-16,,SIG"
F0786004,2005,S.Harissopulos+,0.064,,2,3,1.7,4.917e+6,6013,6-C-13,A,N,8-O-16,3,4,CS,CS,1,2,"6-C-13(A,N)8-O-16,,SIG"
F0786004,2005,S.Harissopulos+,0.0807,,2,3,1.7,4.927e+6,6013,6-C-13,A,N,8-O-16,3,4,CS,CS,1,2,"6-C-13(A,N)8-O-16,,SIG"
F0786004,2005,S.Harissopulos+,0.0987,,2,3,1.7,4.937e+6,6013,6-C-13,A,N,8-O-16,3,4,CS,CS,1,2,"6-C-13(A,N)8-O-16,,SIG"
F0786004,2005,S.Harissopulos+,0.121,,2,3,1.7,4.947e+6,6013,6-C-13,A,N,8-O-16,3,4,CS,CS,1,2,"6-C-13(A,N)8-O-16,,SIG"
F0786004,2005,S.Harissopulos+,0.129,,2,3,1.7,4.957e+6,6013,6-C-13,A,N,8-O-16,3,4,CS,CS,1,2,"6-C-13(A,N)8-O-16,,SIG"
F0786004,2005,S.Harissopulos+,0.124,,2,3,1.7,4.967e+6,6013,6-C-13,A,N,8-O-16,3,4,CS,CS,1,2,"6-C-13(A,N)8-O-16,,SIG"
F0786004,2005,S.Harissopulos+,0.11,,2,3,1.7,4.976e+6,6013,6-C-13,A,N,8-O-16,3,4,CS,CS,1,2,"6-C-13(A,N)8-O-16,,SIG"
F0786004,2005,S.Harissopulos+,0.0958,,2,3,1.7,4.986e+6,6013,6-C-13,A,N,8-O-16,3,4,CS,CS,1,2,"6-C-13(A,N)8-O-16,,SIG"
F0786004,2005,S.Harissopulos+,0.0902,,2,3,1.7,4.996e+6,6013,6-C-13,A,N,8-O-16,3,4,CS,CS,1,2,"6-C-13(A,N)8-O-16,,SIG"
F0786004,2005,S.Harissopulos+,0.0924,,2,3,1.7,5.006e+6,6013,6-C-13,A,N,8-O-16,3,4,CS,CS,1,2,"6-C-13(A,N)8-O-16,,SIG"
F0786004,2005,S.Harissopulos+,0.0931,,2,3,1.7,5.016e+6,6013,6-C-13,A,N,8-O-16,3,4,CS,CS,1,2,"6-C-13(A,N)8-O-16,,SIG"
F0786004,2005,S.Harissopulos+,0.0956,,2,3,1.7,5.026e+6,6013,6-C-13,A,N,8-O-16,3,4,CS,CS,1,2,"6-C-13(A,N)8-O-16,,SIG"
F0786004,2005,S.Harissopulos+,0.099,,2,3,1.7,5.036e+6,6013,6-C-13,A,N,8-O-16,3,4,CS,CS,1,2,"6-C-13(A,N)8-O-16,,SIG"
F0786004,2005,S.Harissopulos+,0.103,,2,3,1.7,5.046e+6,6013,6-C-13,A,N,8-O-16,3,4,CS,CS,1,2,"6-C-13(A,N)8-O-16,,SIG"
F0786004,2005,S.Harissopulos+,0.109,,2,3,1.7,5.056e+6,6013,6-C-13,A,N,8-O-16,3,4,CS,CS,1,2,"6-C-13(A,N)8-O-16,,SIG"
F0786004,2005,S.Harissopulos+,0.114,,2,3,1.7,5.066e+6,6013,6-C-13,A,N,8-O-16,3,4,CS,CS,1,2,"6-C-13(A,N)8-O-16,,SIG"
F0786004,2005,S.Harissopulos+,0.119,,2,3,1.7,5.076e+6,6013,6-C-13,A,N,8-O-16,3,4,CS,CS,1,2,"6-C-13(A,N)8-O-16,,SIG"
F0786004,2005,S.Harissopulos+,0.124,,2,3,1.7,5.086e+6,6013,6-C-13,A,N,8-O-16,3,4,CS,CS,1,2,"6-C-13(A,N)8-O-16,,SIG"
F0786004,2005,S.Harissopulos+,0.131,,2,3,1.7,5.096e+6,6013,6-C-13,A,N,8-O-16,3,4,CS,CS,1,2,"6-C-13(A,N)8-O-16,,SIG"
F0786004,2005,S.Harissopulos+,0.137,,2,3,1.7,5.106e+6,6013,6-C-13,A,N,8-O-16,3,4,CS,CS,1,2,"6-C-13(A,N)8-O-16,,SIG"
F0786004,2005,S.Harissopulos+,0.144,,2,3,1.7,5.115e+6,6013,6-C-13,A,N,8-O-16,3,4,CS,CS,1,2,"6-C-13(A,N)8-O-16,,SIG"
F0786004,2005,S.Harissopulos+,0.15,,2,3,1.7,5.125e+6,6013,6-C-13,A,N,8-O-16,3,4,CS,CS,1,2,"6-C-13(A,N)8-O-16,,SIG"
F0786004,2005,S.Harissopulos+,0.165,,2,3,1.7,5.135e+6,6013,6-C-13,A,N,8-O-16,3,4,CS,CS,1,2,"6-C-13(A,N)8-O-16,,SIG"
F0786004,2005,S.Harissopulos+,0.169,,2,3,1.7,5.145e+6,6013,6-C-13,A,N,8-O-16,3,4,CS,CS,1,2,"6-C-13(A,N)8-O-16,,SIG"
F0786004,2005,S.Harissopulos+,0.168,,2,3,1.7,5.155e+6,6013,6-C-13,A,N,8-O-16,3,4,CS,CS,1,2,"6-C-13(A,N)8-O-16,,SIG"
F0786004,2005,S.Harissopulos+,0.167,,2,3,1.7,5.165e+6,6013,6-C-13,A,N,8-O-16,3,4,CS,CS,1,2,"6-C-13(A,N)8-O-16,,SIG"
F0786004,2005,S.Harissopulos+,0.164,,2,3,1.7,5.175e+6,6013,6-C-13,A,N,8-O-16,3,4,CS,CS,1,2,"6-C-13(A,N)8-O-16,,SIG"
F0786004,2005,S.Harissopulos+,0.161,,2,3,1.7,5.185e+6,6013,6-C-13,A,N,8-O-16,3,4,CS,CS,1,2,"6-C-13(A,N)8-O-16,,SIG"
F0786004,2005,S.Harissopulos+,0.157,,2,3,1.7,5.195e+6,6013,6-C-13,A,N,8-O-16,3,4,CS,CS,1,2,"6-C-13(A,N)8-O-16,,SIG"
F0786004,2005,S.Harissopulos+,0.154,,2,3,1.7,5.205e+6,6013,6-C-13,A,N,8-O-16,3,4,CS,CS,1,2,"6-C-13(A,N)8-O-16,,SIG"
F0786004,2005,S.Harissopulos+,0.15,,2,3,1.7,5.215e+6,6013,6-C-13,A,N,8-O-16,3,4,CS,CS,1,2,"6-C-13(A,N)8-O-16,,SIG"
F0786004,2005,S.Harissopulos+,0.146,,2,3,1.7,5.224e+6,6013,6-C-13,A,N,8-O-16,3,4,CS,CS,1,2,"6-C-13(A,N)8-O-16,,SIG"
F0786004,2005,S.Harissopulos+,0.144,,2,3,1.7,5.234e+6,6013,6-C-13,A,N,8-O-16,3,4,CS,CS,1,2,"6-C-13(A,N)8-O-16,,SIG"
F0786004,2005,S.Harissopulos+,0.142,,2,3,1.7,5.244e+6,6013,6-C-13,A,N,8-O-16,3,4,CS,CS,1,2,"6-C-13(A,N)8-O-16,,SIG"
F0786004,2005,S.Harissopulos+,0.141,,2,3,1.7,5.254e+6,6013,6-C-13,A,N,8-O-16,3,4,CS,CS,1,2,"6-C-13(A,N)8-O-16,,SIG"
F0786004,2005,S.Harissopulos+,0.15,,2,3,1.7,5.264e+6,6013,6-C-13,A,N,8-O-16,3,4,CS,CS,1,2,"6-C-13(A,N)8-O-16,,SIG"
F0786004,2005,S.Harissopulos+,0.201,,2,3,1.7,5.275e+6,6013,6-C-13,A,N,8-O-16,3,4,CS,CS,1,2,"6-C-13(A,N)8-O-16,,SIG"
F0786004,2005,S.Harissopulos+,0.228,,2,3,1.7,5.284e+6,6013,6-C-13,A,N,8-O-16,3,4,CS,CS,1,2,"6-C-13(A,N)8-O-16,,SIG"
F0786004,2005,S.Harissopulos+,0.183,,2,3,1.7,5.294e+6,6013,6-C-13,A,N,8-O-16,3,4,CS,CS,1,2,"6-C-13(A,N)8-O-16,,SIG"
F0786004,2005,S.Harissopulos+,0.156,,2,3,1.7,5.303e+6,6013,6-C-13,A,N,8-O-16,3,4,CS,CS,1,2,"6-C-13(A,N)8-O-16,,SIG"
F0786004,2005,S.Harissopulos+,0.151,,2,3,1.7,5.314e+6,6013,6-C-13,A,N,8-O-16,3,4,CS,CS,1,2,"6-C-13(A,N)8-O-16,,SIG"
F0786004,2005,S.Harissopulos+,0.152,,2,3,1.7,5.324e+6,6013,6-C-13,A,N,8-O-16,3,4,CS,CS,1,2,"6-C-13(A,N)8-O-16,,SIG"
F0786004,2005,S.Harissopulos+,0.158,,2,3,1.7,5.333e+6,6013,6-C-13,A,N,8-O-16,3,4,CS,CS,1,2,"6-C-13(A,N)8-O-16,,SIG"
F0786004,2005,S.Harissopulos+,0.168,,2,3,1.7,5.343e+6,6013,6-C-13,A,N,8-O-16,3,4,CS,CS,1,2,"6-C-13(A,N)8-O-16,,SIG"
F0786004,2005,S.Harissopulos+,0.178,,2,3,1.7,5.353e+6,6013,6-C-13,A,N,8-O-16,3,4,CS,CS,1,2,"6-C-13(A,N)8-O-16,,SIG"
F0786004,2005,S.Harissopulos+,0.193,,2,3,1.7,5.363e+6,6013,6-C-13,A,N,8-O-16,3,4,CS,CS,1,2,"6-C-13(A,N)8-O-16,,SIG"
F0786004,2005,S.Harissopulos+,0.211,,2,3,1.7,5.373e+6,6013,6-C-13,A,N,8-O-16,3,4,CS,CS,1,2,"6-C-13(A,N)8-O-16,,SIG"
F0786004,2005,S.Harissopulos+,0.225,,2,3,1.7,5.383e+6,6013,6-C-13,A,N,8-O-16,3,4,CS,CS,1,2,"6-C-13(A,N)8-O-16,,SIG"
F0786004,2005,S.Harissopulos+,0.238,,2,3,1.7,5.393e+6,6013,6-C-13,A,N,8-O-16,3,4,CS,CS,1,2,"6-C-13(A,N)8-O-16,,SIG"
F0786004,2005,S.Harissopulos+,0.243,,2,3,1.7,5.403e+6,6013,6-C-13,A,N,8-O-16,3,4,CS,CS,1,2,"6-C-13(A,N)8-O-16,,SIG"
F0786004,2005,S.Harissopulos+,0.24,,2,3,1.7,5.413e+6,6013,6-C-13,A,N,8-O-16,3,4,CS,CS,1,2,"6-C-13(A,N)8-O-16,,SIG"
F0786004,2005,S.Harissopulos+,0.237,,2,3,1.7,5.423e+6,6013,6-C-13,A,N,8-O-16,3,4,CS,CS,1,2,"6-C-13(A,N)8-O-16,,SIG"
F0786004,2005,S.Harissopulos+,0.235,,2,3,1.7,5.433e+6,6013,6-C-13,A,N,8-O-16,3,4,CS,CS,1,2,"6-C-13(A,N)8-O-16,,SIG"
F0786004,2005,S.Harissopulos+,0.24,,2,3,1.7,5.443e+6,6013,6-C-13,A,N,8-O-16,3,4,CS,CS,1,2,"6-C-13(A,N)8-O-16,,SIG"
F0786004,2005,S.Harissopulos+,0.251,,2,3,1.7,5.452e+6,6013,6-C-13,A,N,8-O-16,3,4,CS,CS,1,2,"6-C-13(A,N)8-O-16,,SIG"
F0786004,2005,S.Harissopulos+,0.254,,2,3,1.7,5.462e+6,6013,6-C-13,A,N,8-O-16,3,4,CS,CS,1,2,"6-C-13(A,N)8-O-16,,SIG"
F0786004,2005,S.Harissopulos+,0.24,,2,3,1.7,5.472e+6,6013,6-C-13,A,N,8-O-16,3,4,CS,CS,1,2,"6-C-13(A,N)8-O-16,,SIG"
F0786004,2005,S.Harissopulos+,0.202,,2,3,1.7,5.482e+6,6013,6-C-13,A,N,8-O-16,3,4,CS,CS,1,2,"6-C-13(A,N)8-O-16,,SIG"
F0786004,2005,S.Harissopulos+,0.173,,2,3,1.7,5.492e+6,6013,6-C-13,A,N,8-O-16,3,4,CS,CS,1,2,"6-C-13(A,N)8-O-16,,SIG"
F0786004,2005,S.Harissopulos+,0.151,,2,3,1.7,5.502e+6,6013,6-C-13,A,N,8-O-16,3,4,CS,CS,1,2,"6-C-13(A,N)8-O-16,,SIG"
F0786004,2005,S.Harissopulos+,0.135,,2,3,1.7,5.512e+6,6013,6-C-13,A,N,8-O-16,3,4,CS,CS,1,2,"6-C-13(A,N)8-O-16,,SIG"
F0786004,2005,S.Harissopulos+,0.123,,2,3,1.7,5.522e+6,6013,6-C-13,A,N,8-O-16,3,4,CS,CS,1,2,"6-C-13(A,N)8-O-16,,SIG"
F0786004,2005,S.Harissopulos+,0.114,,2,3,1.7,5.532e+6,6013,6-C-13,A,N,8-O-16,3,4,CS,CS,1,2,"6-C-13(A,N)8-O-16,,SIG"
F0786004,2005,S.Harissopulos+,0.107,,2,3,1.7,5.542e+6,6013,6-C-13,A,N,8-O-16,3,4,CS,CS,1,2,"6-C-13(A,N)8-O-16,,SIG"
F0786004,2005,S.Harissopulos+,0.101,,2,3,1.7,5.552e+6,6013,6-C-13,A,N,8-O-16,3,4,CS,CS,1,2,"6-C-13(A,N)8-O-16,,SIG"
F0786004,2005,S.Harissopulos+,0.0966,,2,3,1.7,5.561e+6,6013,6-C-13,A,N,8-O-16,3,4,CS,CS,1,2,"6-C-13(A,N)8-O-16,,SIG"
F0786004,2005,S.Harissopulos+,0.0941,,2,3,1.7,5.571e+6,6013,6-C-13,A,N,8-O-16,3,4,CS,CS,1,2,"6-C-13(A,N)8-O-16,,SIG"
F0786004,2005,S.Harissopulos+,0.092,,2,3,1.7,5.581e+6,6013,6-C-13,A,N,8-O-16,3,4,CS,CS,1,2,"6-C-13(A,N)8-O-16,,SIG"
F0786004,2005,S.Harissopulos+,0.0911,,2,3,1.7,5.591e+6,6013,6-C-13,A,N,8-O-16,3,4,CS,CS,1,2,"6-C-13(A,N)8-O-16,,SIG"
F0786004,2005,S.Harissopulos+,0.0913,,2,3,1.7,5.601e+6,6013,6-C-13,A,N,8-O-16,3,4,CS,CS,1,2,"6-C-13(A,N)8-O-16,,SIG"
F0786004,2005,S.Harissopulos+,0.0918,,2,3,1.7,5.611e+6,6013,6-C-13,A,N,8-O-16,3,4,CS,CS,1,2,"6-C-13(A,N)8-O-16,,SIG"
F0786004,2005,S.Harissopulos+,0.094,,2,3,1.7,5.621e+6,6013,6-C-13,A,N,8-O-16,3,4,CS,CS,1,2,"6-C-13(A,N)8-O-16,,SIG"
F0786004,2005,S.Harissopulos+,0.0973,,2,3,1.7,5.631e+6,6013,6-C-13,A,N,8-O-16,3,4,CS,CS,1,2,"6-C-13(A,N)8-O-16,,SIG"
F0786004,2005,S.Harissopulos+,0.1,,2,3,1.7,5.641e+6,6013,6-C-13,A,N,8-O-16,3,4,CS,CS,1,2,"6-C-13(A,N)8-O-16,,SIG"
F0786004,2005,S.Harissopulos+,0.107,,2,3,1.7,5.651e+6,6013,6-C-13,A,N,8-O-16,3,4,CS,CS,1,2,"6-C-13(A,N)8-O-16,,SIG"
F0786004,2005,S.Harissopulos+,0.115,,2,3,1.7,5.662e+6,6013,6-C-13,A,N,8-O-16,3,4,CS,CS,1,2,"6-C-13(A,N)8-O-16,,SIG"
F0786004,2005,S.Harissopulos+,0.127,,2,3,1.7,5.671e+6,6013,6-C-13,A,N,8-O-16,3,4,CS,CS,1,2,"6-C-13(A,N)8-O-16,,SIG"
F0786004,2005,S.Harissopulos+,0.142,,2,3,1.7,5.681e+6,6013,6-C-13,A,N,8-O-16,3,4,CS,CS,1,2,"6-C-13(A,N)8-O-16,,SIG"
F0786004,2005,S.Harissopulos+,0.163,,2,3,1.7,5.691e+6,6013,6-C-13,A,N,8-O-16,3,4,CS,CS,1,2,"6-C-13(A,N)8-O-16,,SIG"
F0786004,2005,S.Harissopulos+,0.182,,2,3,1.7,5.701e+6,6013,6-C-13,A,N,8-O-16,3,4,CS,CS,1,2,"6-C-13(A,N)8-O-16,,SIG"
F0786004,2005,S.Harissopulos+,0.204,,2,3,1.7,5.711e+6,6013,6-C-13,A,N,8-O-16,3,4,CS,CS,1,2,"6-C-13(A,N)8-O-16,,SIG"
F0786004,2005,S.Harissopulos+,0.227,,2,3,1.7,5.721e+6,6013,6-C-13,A,N,8-O-16,3,4,CS,CS,1,2,"6-C-13(A,N)8-O-16,,SIG"
F0786004,2005,S.Harissopulos+,0.247,,2,3,1.7,5.731e+6,6013,6-C-13,A,N,8-O-16,3,4,CS,CS,1,2,"6-C-13(A,N)8-O-16,,SIG"
F0786004,2005,S.Harissopulos+,0.254,,2,3,1.7,5.74e+6,6013,6-C-13,A,N,8-O-16,3,4,CS,CS,1,2,"6-C-13(A,N)8-O-16,,SIG"
F0786004,2005,S.Harissopulos+,0.256,,2,3,1.7,5.75e+6,6013,6-C-13,A,N,8-O-16,3,4,CS,CS,1,2,"6-C-13(A,N)8-O-16,,SIG"
F0786004,2005,S.Harissopulos+,0.252,,2,3,1.7,5.76e+6,6013,6-C-13,A,N,8-O-16,3,4,CS,CS,1,2,"6-C-13(A,N)8-O-16,,SIG"
F0786004,2005,S.Harissopulos+,0.245,,2,3,1.7,5.77e+6,6013,6-C-13,A,N,8-O-16,3,4,CS,CS,1,2,"6-C-13(A,N)8-O-16,,SIG"
F0786004,2005,S.Harissopulos+,0.235,,2,3,1.7,5.779e+6,6013,6-C-13,A,N,8-O-16,3,4,CS,CS,1,2,"6-C-13(A,N)8-O-16,,SIG"
F0786004,2005,S.Harissopulos+,0.228,,2,3,1.7,5.789e+6,6013,6-C-13,A,N,8-O-16,3,4,CS,CS,1,2,"6-C-13(A,N)8-O-16,,SIG"
F0786004,2005,S.Harissopulos+,0.223,,2,3,1.7,5.799e+6,6013,6-C-13,A,N,8-O-16,3,4,CS,CS,1,2,"6-C-13(A,N)8-O-16,,SIG"
F0786004,2005,S.Harissopulos+,0.219,,2,3,1.7,5.809e+6,6013,6-C-13,A,N,8-O-16,3,4,CS,CS,1,2,"6-C-13(A,N)8-O-16,,SIG"
F0786004,2005,S.Harissopulos+,0.218,,2,3,1.7,5.819e+6,6013,6-C-13,A,N,8-O-16,3,4,CS,CS,1,2,"6-C-13(A,N)8-O-16,,SIG"
F0786004,2005,S.Harissopulos+,0.219,,2,3,1.7,5.829e+6,6013,6-C-13,A,N,8-O-16,3,4,CS,CS,1,2,"6-C-13(A,N)8-O-16,,SIG"
F0786004,2005,S.Harissopulos+,0.22,,2,3,1.7,5.839e+6,6013,6-C-13,A,N,8-O-16,3,4,CS,CS,1,2,"6-C-13(A,N)8-O-16,,SIG"
F0786004,2005,S.Harissopulos+,0.224,,2,3,1.7,5.85e+6,6013,6-C-13,A,N,8-O-16,3,4,CS,CS,1,2,"6-C-13(A,N)8-O-16,,SIG"
F0786004,2005,S.Harissopulos+,0.23,,2,3,1.7,5.86e+6,6013,6-C-13,A,N,8-O-16,3,4,CS,CS,1,2,"6-C-13(A,N)8-O-16,,SIG"
F0786004,2005,S.Harissopulos+,0.236,,2,3,1.7,5.87e+6,6013,6-C-13,A,N,8-O-16,3,4,CS,CS,1,2,"6-C-13(A,N)8-O-16,,SIG"
F0786004,2005,S.Harissopulos+,0.244,,2,3,1.7,5.88e+6,6013,6-C-13,A,N,8-O-16,3,4,CS,CS,1,2,"6-C-13(A,N)8-O-16,,SIG"
F0786004,2005,S.Harissopulos+,0.265,,2,3,1.7,5.889e+6,6013,6-C-13,A,N,8-O-16,3,4,CS,CS,1,2,"6-C-13(A,N)8-O-16,,SIG"
F0786004,2005,S.Harissopulos+,0.291,,2,3,1.7,5.899e+6,6013,6-C-13,A,N,8-O-16,3,4,CS,CS,1,2,"6-C-13(A,N)8-O-16,,SIG"
F0786004,2005,S.Harissopulos+,0.346,,2,3,1.7,5.909e+6,6013,6-C-13,A,N,8-O-16,3,4,CS,CS,1,2,"6-C-13(A,N)8-O-16,,SIG"
F0786004,2005,S.Harissopulos+,0.389,,2,3,1.7,5.919e+6,6013,6-C-13,A,N,8-O-16,3,4,CS,CS,1,2,"6-C-13(A,N)8-O-16,,SIG"
F0786004,2005,S.Harissopulos+,0.389,,2,3,1.7,5.929e+6,6013,6-C-13,A,N,8-O-16,3,4,CS,CS,1,2,"6-C-13(A,N)8-O-16,,SIG"
F0786004,2005,S.Harissopulos+,0.366,,2,3,1.7,5.939e+6,6013,6-C-13,A,N,8-O-16,3,4,CS,CS,1,2,"6-C-13(A,N)8-O-16,,SIG"
F0786004,2005,S.Harissopulos+,0.401,,2,3,1.7,5.939e+6,6013,6-C-13,A,N,8-O-16,3,4,CS,CS,1,2,"6-C-13(A,N)8-O-16,,SIG"
F0786004,2005,S.Harissopulos+,0.363,,2,3,1.7,5.948e+6,6013,6-C-13,A,N,8-O-16,3,4,CS,CS,1,2,"6-C-13(A,N)8-O-16,,SIG"
F0786004,2005,S.Harissopulos+,0.326,,2,3,1.7,5.958e+6,6013,6-C-13,A,N,8-O-16,3,4,CS,CS,1,2,"6-C-13(A,N)8-O-16,,SIG"
F0786004,2005,S.Harissopulos+,0.272,,2,3,1.7,5.968e+6,6013,6-C-13,A,N,8-O-16,3,4,CS,CS,1,2,"6-C-13(A,N)8-O-16,,SIG"
F0786004,2005,S.Harissopulos+,0.254,,2,3,1.7,5.978e+6,6013,6-C-13,A,N,8-O-16,3,4,CS,CS,1,2,"6-C-13(A,N)8-O-16,,SIG"
F0786004,2005,S.Harissopulos+,0.228,,2,3,1.7,5.988e+6,6013,6-C-13,A,N,8-O-16,3,4,CS,CS,1,2,"6-C-13(A,N)8-O-16,,SIG"
F0786004,2005,S.Harissopulos+,0.209,,2,3,1.7,5.997e+6,6013,6-C-13,A,N,8-O-16,3,4,CS,CS,1,2,"6-C-13(A,N)8-O-16,,SIG"
F0786004,2005,S.Harissopulos+,0.196,,2,3,1.7,6.007e+6,6013,6-C-13,A,N,8-O-16,3,4,CS,CS,1,2,"6-C-13(A,N)8-O-16,,SIG"
F0786004,2005,S.Harissopulos+,0.196,,2,3,1.7,6.018e+6,6013,6-C-13,A,N,8-O-16,3,4,CS,CS,1,2,"6-C-13(A,N)8-O-16,,SIG"
F0786004,2005,S.Harissopulos+,0.208,,2,3,1.7,6.028e+6,6013,6-C-13,A,N,8-O-16,3,4,CS,CS,1,2,"6-C-13(A,N)8-O-16,,SIG"
F0786004,2005,S.Harissopulos+,0.214,,2,3,1.7,6.038e+6,6013,6-C-13,A,N,8-O-16,3,4,CS,CS,1,2,"6-C-13(A,N)8-O-16,,SIG"
F0786004,2005,S.Harissopulos+,0.235,,2,3,1.7,6.048e+6,6013,6-C-13,A,N,8-O-16,3,4,CS,CS,1,2,"6-C-13(A,N)8-O-16,,SIG"
F0786004,2005,S.Harissopulos+,0.296,,2,3,1.7,6.058e+6,6013,6-C-13,A,N,8-O-16,3,4,CS,CS,1,2,"6-C-13(A,N)8-O-16,,SIG"
F0786004,2005,S.Harissopulos+,0.411,,2,3,1.7,6.068e+6,6013,6-C-13,A,N,8-O-16,3,4,CS,CS,1,2,"6-C-13(A,N)8-O-16,,SIG"
F0786004,2005,S.Harissopulos+,0.564,,2,3,1.7,6.079e+6,6013,6-C-13,A,N,8-O-16,3,4,CS,CS,1,2,"6-C-13(A,N)8-O-16,,SIG"
F0786004,2005,S.Harissopulos+,0.628,,2,3,1.7,6.088e+6,6013,6-C-13,A,N,8-O-16,3,4,CS,CS,1,2,"6-C-13(A,N)8-O-16,,SIG"
F0786004,2005,S.Harissopulos+,0.565,,2,3,1.7,6.098e+6,6013,6-C-13,A,N,8-O-16,3,4,CS,CS,1,2,"6-C-13(A,N)8-O-16,,SIG"
F0786004,2005,S.Harissopulos+,0.466,,2,3,1.7,6.106e+6,6013,6-C-13,A,N,8-O-16,3,4,CS,CS,1,2,"6-C-13(A,N)8-O-16,,SIG"
F0786004,2005,S.Harissopulos+,0.399,,2,3,1.7,6.116e+6,6013,6-C-13,A,N,8-O-16,3,4,CS,CS,1,2,"6-C-13(A,N)8-O-16,,SIG"
F0786004,2005,S.Harissopulos+,0.357,,2,3,1.7,6.126e+6,6013,6-C-13,A,N,8-O-16,3,4,CS,CS,1,2,"6-C-13(A,N)8-O-16,,SIG"
F0786004,2005,S.Harissopulos+,0.312,,2,3,1.7,6.136e+6,6013,6-C-13,A,N,8-O-16,3,4,CS,CS,1,2,"6-C-13(A,N)8-O-16,,SIG"
F0786004,2005,S.Harissopulos+,0.28,,2,3,1.7,6.146e+6,6013,6-C-13,A,N,8-O-16,3,4,CS,CS,1,2,"6-C-13(A,N)8-O-16,,SIG"
F0786004,2005,S.Harissopulos+,0.268,,2,3,1.7,6.157e+6,6013,6-C-13,A,N,8-O-16,3,4,CS,CS,1,2,"6-C-13(A,N)8-O-16,,SIG"
F0786004,2005,S.Harissopulos+,0.259,,2,3,1.7,6.167e+6,6013,6-C-13,A,N,8-O-16,3,4,CS,CS,1,2,"6-C-13(A,N)8-O-16,,SIG"
F0786004,2005,S.Harissopulos+,0.263,,2,3,1.7,6.177e+6,6013,6-C-13,A,N,8-O-16,3,4,CS,CS,1,2,"6-C-13(A,N)8-O-16,,SIG"
F0786004,2005,S.Harissopulos+,0.258,,2,3,1.7,6.187e+6,6013,6-C-13,A,N,8-O-16,3,4,CS,CS,1,2,"6-C-13(A,N)8-O-16,,SIG"
F0786004,2005,S.Harissopulos+,0.266,,2,3,1.7,6.197e+6,6013,6-C-13,A,N,8-O-16,3,4,CS,CS,1,2,"6-C-13(A,N)8-O-16,,SIG"
F0786004,2005,S.Harissopulos+,0.267,,2,3,1.7,6.207e+6,6013,6-C-13,A,N,8-O-16,3,4,CS,CS,1,2,"6-C-13(A,N)8-O-16,,SIG"
F0786004,2005,S.Harissopulos+,0.271,,2,3,1.7,6.216e+6,6013,6-C-13,A,N,8-O-16,3,4,CS,CS,1,2,"6-C-13(A,N)8-O-16,,SIG"
F0786004,2005,S.Harissopulos+,0.266,,2,3,1.7,6.226e+6,6013,6-C-13,A,N,8-O-16,3,4,CS,CS,1,2,"6-C-13(A,N)8-O-16,,SIG"
F0786004,2005,S.Harissopulos+,0.265,,2,3,1.7,6.236e+6,6013,6-C-13,A,N,8-O-16,3,4,CS,CS,1,2,"6-C-13(A,N)8-O-16,,SIG"
F0786004,2005,S.Harissopulos+,0.26,,2,3,1.7,6.246e+6,6013,6-C-13,A,N,8-O-16,3,4,CS,CS,1,2,"6-C-13(A,N)8-O-16,,SIG"
F0786004,2005,S.Harissopulos+,0.267,,2,3,1.7,6.256e+6,6013,6-C-13,A,N,8-O-16,3,4,CS,CS,1,2,"6-C-13(A,N)8-O-16,,SIG"
F0786004,2005,S.Harissopulos+,0.274,,2,3,1.7,6.266e+6,6013,6-C-13,A,N,8-O-16,3,4,CS,CS,1,2,"6-C-13(A,N)8-O-16,,SIG"
F0786004,2005,S.Harissopulos+,0.284,,2,3,1.7,6.276e+6,6013,6-C-13,A,N,8-O-16,3,4,CS,CS,1,2,"6-C-13(A,N)8-O-16,,SIG"
F0786004,2005,S.Harissopulos+,0.301,,2,3,1.7,6.286e+6,6013,6-C-13,A,N,8-O-16,3,4,CS,CS,1,2,"6-C-13(A,N)8-O-16,,SIG"
F0786004,2005,S.Harissopulos+,0.314,,2,3,1.7,6.296e+6,6013,6-C-13,A,N,8-O-16,3,4,CS,CS,1,2,"6-C-13(A,N)8-O-16,,SIG"
F0786004,2005,S.Harissopulos+,0.326,,2,3,1.7,6.306e+6,6013,6-C-13,A,N,8-O-16,3,4,CS,CS,1,2,"6-C-13(A,N)8-O-16,,SIG"
F0786004,2005,S.Harissopulos+,0.349,,2,3,1.7,6.316e+6,6013,6-C-13,A,N,8-O-16,3,4,CS,CS,1,2,"6-C-13(A,N)8-O-16,,SIG"
F0786004,2005,S.Harissopulos+,0.356,,2,3,1.7,6.325e+6,6013,6-C-13,A,N,8-O-16,3,4,CS,CS,1,2,"6-C-13(A,N)8-O-16,,SIG"
F0786004,2005,S.Harissopulos+,0.352,,2,3,1.7,6.335e+6,6013,6-C-13,A,N,8-O-16,3,4,CS,CS,1,2,"6-C-13(A,N)8-O-16,,SIG"
F0786004,2005,S.Harissopulos+,0.358,,2,3,1.7,6.345e+6,6013,6-C-13,A,N,8-O-16,3,4,CS,CS,1,2,"6-C-13(A,N)8-O-16,,SIG"
F0786004,2005,S.Harissopulos+,0.344,,2,3,1.7,6.355e+6,6013,6-C-13,A,N,8-O-16,3,4,CS,CS,1,2,"6-C-13(A,N)8-O-16,,SIG"
F0786004,2005,S.Harissopulos+,0.337,,2,3,1.7,6.365e+6,6013,6-C-13,A,N,8-O-16,3,4,CS,CS,1,2,"6-C-13(A,N)8-O-16,,SIG"
F0786004,2005,S.Harissopulos+,0.322,,2,3,1.7,6.375e+6,6013,6-C-13,A,N,8-O-16,3,4,CS,CS,1,2,"6-C-13(A,N)8-O-16,,SIG"
F0786004,2005,S.Harissopulos+,0.308,,2,3,1.7,6.385e+6,6013,6-C-13,A,N,8-O-16,3,4,CS,CS,1,2,"6-C-13(A,N)8-O-16,,SIG"
F0786004,2005,S.Harissopulos+,0.296,,2,3,1.7,6.395e+6,6013,6-C-13,A,N,8-O-16,3,4,CS,CS,1,2,"6-C-13(A,N)8-O-16,,SIG"
F0786004,2005,S.Harissopulos+,0.273,,2,3,1.7,6.405e+6,6013,6-C-13,A,N,8-O-16,3,4,CS,CS,1,2,"6-C-13(A,N)8-O-16,,SIG"
F0786004,2005,S.Harissopulos+,0.261,,2,3,1.7,6.415e+6,6013,6-C-13,A,N,8-O-16,3,4,CS,CS,1,2,"6-C-13(A,N)8-O-16,,SIG"
F0786004,2005,S.Harissopulos+,0.255,,2,3,1.7,6.425e+6,6013,6-C-13,A,N,8-O-16,3,4,CS,CS,1,2,"6-C-13(A,N)8-O-16,,SIG"
F0786004,2005,S.Harissopulos+,0.246,,2,3,1.7,6.435e+6,6013,6-C-13,A,N,8-O-16,3,4,CS,CS,1,2,"6-C-13(A,N)8-O-16,,SIG"
F0786004,2005,S.Harissopulos+,0.243,,2,3,1.7,6.444e+6,6013,6-C-13,A,N,8-O-16,3,4,CS,CS,1,2,"6-C-13(A,N)8-O-16,,SIG"
F0786004,2005,S.Harissopulos+,0.244,,2,3,1.7,6.454e+6,6013,6-C-13,A,N,8-O-16,3,4,CS,CS,1,2,"6-C-13(A,N)8-O-16,,SIG"
F0786004,2005,S.Harissopulos+,0.246,,2,3,1.7,6.464e+6,6013,6-C-13,A,N,8-O-16,3,4,CS,CS,1,2,"6-C-13(A,N)8-O-16,,SIG"
F0786004,2005,S.Harissopulos+,0.245,,2,3,1.7,6.474e+6,6013,6-C-13,A,N,8-O-16,3,4,CS,CS,1,2,"6-C-13(A,N)8-O-16,,SIG"
F0786004,2005,S.Harissopulos+,0.24,,2,3,1.7,6.484e+6,6013,6-C-13,A,N,8-O-16,3,4,CS,CS,1,2,"6-C-13(A,N)8-O-16,,SIG"
F0786004,2005,S.Harissopulos+,0.241,,2,3,1.7,6.494e+6,6013,6-C-13,A,N,8-O-16,3,4,CS,CS,1,2,"6-C-13(A,N)8-O-16,,SIG"
F0786004,2005,S.Harissopulos+,0.243,,2,3,1.7,6.504e+6,6013,6-C-13,A,N,8-O-16,3,4,CS,CS,1,2,"6-C-13(A,N)8-O-16,,SIG"
F0786004,2005,S.Harissopulos+,0.244,,2,3,1.7,6.514e+6,6013,6-C-13,A,N,8-O-16,3,4,CS,CS,1,2,"6-C-13(A,N)8-O-16,,SIG"
F0786004,2005,S.Harissopulos+,0.245,,2,3,1.7,6.524e+6,6013,6-C-13,A,N,8-O-16,3,4,CS,CS,1,2,"6-C-13(A,N)8-O-16,,SIG"
F0786004,2005,S.Harissopulos+,0.244,,2,3,1.7,6.534e+6,6013,6-C-13,A,N,8-O-16,3,4,CS,CS,1,2,"6-C-13(A,N)8-O-16,,SIG"
F0786004,2005,S.Harissopulos+,0.24,,2,3,1.7,6.544e+6,6013,6-C-13,A,N,8-O-16,3,4,CS,CS,1,2,"6-C-13(A,N)8-O-16,,SIG"
F0786004,2005,S.Harissopulos+,0.244,,2,3,1.7,6.553e+6,6013,6-C-13,A,N,8-O-16,3,4,CS,CS,1,2,"6-C-13(A,N)8-O-16,,SIG"
F0786004,2005,S.Harissopulos+,0.25,,2,3,1.7,6.563e+6,6013,6-C-13,A,N,8-O-16,3,4,CS,CS,1,2,"6-C-13(A,N)8-O-16,,SIG"
F0786004,2005,S.Harissopulos+,0.241,,2,3,1.7,6.573e+6,6013,6-C-13,A,N,8-O-16,3,4,CS,CS,1,2,"6-C-13(A,N)8-O-16,,SIG"
F0786004,2005,S.Harissopulos+,0.243,,2,3,1.7,6.583e+6,6013,6-C-13,A,N,8-O-16,3,4,CS,CS,1,2,"6-C-13(A,N)8-O-16,,SIG"
F0786004,2005,S.Harissopulos+,0.245,,2,3,1.7,6.593e+6,6013,6-C-13,A,N,8-O-16,3,4,CS,CS,1,2,"6-C-13(A,N)8-O-16,,SIG"
F0786004,2005,S.Harissopulos+,0.246,,2,3,1.7,6.603e+6,6013,6-C-13,A,N,8-O-16,3,4,CS,CS,1,2,"6-C-13(A,N)8-O-16,,SIG"
F0786004,2005,S.Harissopulos+,0.245,,2,3,1.7,6.613e+6,6013,6-C-13,A,N,8-O-16,3,4,CS,CS,1,2,"6-C-13(A,N)8-O-16,,SIG"
F0786004,2005,S.Harissopulos+,0.243,,2,3,1.7,6.623e+6,6013,6-C-13,A,N,8-O-16,3,4,CS,CS,1,2,"6-C-13(A,N)8-O-16,,SIG"
F0786004,2005,S.Harissopulos+,0.246,,2,3,1.7,6.633e+6,6013,6-C-13,A,N,8-O-16,3,4,CS,CS,1,2,"6-C-13(A,N)8-O-16,,SIG"
F0786004,2005,S.Harissopulos+,0.25,,2,3,1.7,6.643e+6,6013,6-C-13,A,N,8-O-16,3,4,CS,CS,1,2,"6-C-13(A,N)8-O-16,,SIG"
F0786004,2005,S.Harissopulos+,0.252,,2,3,1.7,6.653e+6,6013,6-C-13,A,N,8-O-16,3,4,CS,CS,1,2,"6-C-13(A,N)8-O-16,,SIG"
F0786004,2005,S.Harissopulos+,0.254,,2,3,1.7,6.662e+6,6013,6-C-13,A,N,8-O-16,3,4,CS,CS,1,2,"6-C-13(A,N)8-O-16,,SIG"
F0786004,2005,S.Harissopulos+,0.259,,2,3,1.7,6.672e+6,6013,6-C-13,A,N,8-O-16,3,4,CS,CS,1,2,"6-C-13(A,N)8-O-16,,SIG"
F0786004,2005,S.Harissopulos+,0.258,,2,3,1.7,6.682e+6,6013,6-C-13,A,N,8-O-16,3,4,CS,CS,1,2,"6-C-13(A,N)8-O-16,,SIG"
F0786004,2005,S.Harissopulos+,0.264,,2,3,1.7,6.692e+6,6013,6-C-13,A,N,8-O-16,3,4,CS,CS,1,2,"6-C-13(A,N)8-O-16,,SIG"
F0786004,2005,S.Harissopulos+,0.268,,2,3,1.7,6.702e+6,6013,6-C-13,A,N,8-O-16,3,4,CS,CS,1,2,"6-C-13(A,N)8-O-16,,SIG"
F0786004,2005,S.Harissopulos+,0.273,,2,3,1.7,6.712e+6,6013,6-C-13,A,N,8-O-16,3,4,CS,CS,1,2,"6-C-13(A,N)8-O-16,,SIG"
F0786004,2005,S.Harissopulos+,0.279,,2,3,1.7,6.722e+6,6013,6-C-13,A,N,8-O-16,3,4,CS,CS,1,2,"6-C-13(A,N)8-O-16,,SIG"
F0786004,2005,S.Harissopulos+,0.287,,2,3,1.7,6.732e+6,6013,6-C-13,A,N,8-O-16,3,4,CS,CS,1,2,"6-C-13(A,N)8-O-16,,SIG"
F0786004,2005,S.Harissopulos+,0.307,,2,3,1.7,6.752e+6,6013,6-C-13,A,N,8-O-16,3,4,CS,CS,1,2,"6-C-13(A,N)8-O-16,,SIG"
F0786004,2005,S.Harissopulos+,0.329,,2,3,1.7,6.771e+6,6013,6-C-13,A,N,8-O-16,3,4,CS,CS,1,2,"6-C-13(A,N)8-O-16,,SIG"
F0786004,2005,S.Harissopulos+,0.353,,2,3,1.7,6.791e+6,6013,6-C-13,A,N,8-O-16,3,4,CS,CS,1,2,"6-C-13(A,N)8-O-16,,SIG"
F0786004,2005,S.Harissopulos+,0.392,,2,3,1.7,6.811e+6,6013,6-C-13,A,N,8-O-16,3,4,CS,CS,1,2,"6-C-13(A,N)8-O-16,,SIG"
F0786004,2005,S.Harissopulos+,0.438,,2,3,1.7,6.831e+6,6013,6-C-13,A,N,8-O-16,3,4,CS,CS,1,2,"6-C-13(A,N)8-O-16,,SIG"
F0786004,2005,S.Harissopulos+,0.469,,2,3,1.7,6.851e+6,6013,6-C-13,A,N,8-O-16,3,4,CS,CS,1,2,"6-C-13(A,N)8-O-16,,SIG"
F0786004,2005,S.Harissopulos+,0.468,,2,3,1.7,6.871e+6,6013,6-C-13,A,N,8-O-16,3,4,CS,CS,1,2,"6-C-13(A,N)8-O-16,,SIG"
F0786004,2005,S.Harissopulos+,0.43,,2,3,1.7,6.89e+6,6013,6-C-13,A,N,8-O-16,3,4,CS,CS,1,2,"6-C-13(A,N)8-O-16,,SIG"
F0786004,2005,S.Harissopulos+,0.416,,2,3,1.7,6.91e+6,6013,6-C-13,A,N,8-O-16,3,4,CS,CS,1,2,"6-C-13(A,N)8-O-16,,SIG"
F0786004,2005,S.Harissopulos+,0.409,,2,3,1.7,6.93e+6,6013,6-C-13,A,N,8-O-16,3,4,CS,CS,1,2,"6-C-13(A,N)8-O-16,,SIG"
F0786004,2005,S.Harissopulos+,0.437,,2,3,1.7,6.95e+6,6013,6-C-13,A,N,8-O-16,3,4,CS,CS,1,2,"6-C-13(A,N)8-O-16,,SIG"
F0786004,2005,S.Harissopulos+,0.427,,2,3,1.7,6.97e+6,6013,6-C-13,A,N,8-O-16,3,4,CS,CS,1,2,"6-C-13(A,N)8-O-16,,SIG"
F0786004,2005,S.Harissopulos+,0.437,,2,3,1.7,6.989e+6,6013,6-C-13,A,N,8-O-16,3,4,CS,CS,1,2,"6-C-13(A,N)8-O-16,,SIG"
F0786004,2005,S.Harissopulos+,0.439,,2,3,1.7,7.009e+6,6013,6-C-13,A,N,8-O-16,3,4,CS,CS,1,2,"6-C-13(A,N)8-O-16,,SIG"
F0786004,2005,S.Harissopulos+,0.447,,2,3,1.7,7.029e+6,6013,6-C-13,A,N,8-O-16,3,4,CS,CS,1,2,"6-C-13(A,N)8-O-16,,SIG"
F0786004,2005,S.Harissopulos+,0.421,,2,3,1.7,7.049e+6,6013,6-C-13,A,N,8-O-16,3,4,CS,CS,1,2,"6-C-13(A,N)8-O-16,,SIG"
F0786004,2005,S.Harissopulos+,0.398,,2,3,1.7,7.069e+6,6013,6-C-13,A,N,8-O-16,3,4,CS,CS,1,2,"6-C-13(A,N)8-O-16,,SIG"
F0786004,2005,S.Harissopulos+,0.418,,2,3,1.7,7.089e+6,6013,6-C-13,A,N,8-O-16,3,4,CS,CS,1,2,"6-C-13(A,N)8-O-16,,SIG"
F0786004,2005,S.Harissopulos+,0.457,,2,3,1.7,7.098e+6,6013,6-C-13,A,N,8-O-16,3,4,CS,CS,1,2,"6-C-13(A,N)8-O-16,,SIG"
F0786004,2005,S.Harissopulos+,0.531,,2,3,1.7,7.109e+6,6013,6-C-13,A,N,8-O-16,3,4,CS,CS,1,2,"6-C-13(A,N)8-O-16,,SIG"
F0786004,2005,S.Harissopulos+,0.507,,2,3,1.7,7.109e+6,6013,6-C-13,A,N,8-O-16,3,4,CS,CS,1,2,"6-C-13(A,N)8-O-16,,SIG"
F0786004,2005,S.Harissopulos+,0.455,,2,3,1.7,7.118e+6,6013,6-C-13,A,N,8-O-16,3,4,CS,CS,1,2,"6-C-13(A,N)8-O-16,,SIG"
F0786004,2005,S.Harissopulos+,0.41,,2,3,1.7,7.128e+6,6013,6-C-13,A,N,8-O-16,3,4,CS,CS,1,2,"6-C-13(A,N)8-O-16,,SIG"
F0786004,2005,S.Harissopulos+,0.396,,2,3,1.7,7.148e+6,6013,6-C-13,A,N,8-O-16,3,4,CS,CS,1,2,"6-C-13(A,N)8-O-16,,SIG"
F0786004,2005,S.Harissopulos+,0.382,,2,3,1.7,7.168e+6,6013,6-C-13,A,N,8-O-16,3,4,CS,CS,1,2,"6-C-13(A,N)8-O-16,,SIG"
F0786004,2005,S.Harissopulos+,0.385,,2,3,1.7,7.188e+6,6013,6-C-13,A,N,8-O-16,3,4,CS,CS,1,2,"6-C-13(A,N)8-O-16,,SIG"
F0786004,2005,S.Harissopulos+,0.373,,2,3,1.7,7.207e+6,6013,6-C-13,A,N,8-O-16,3,4,CS,CS,1,2,"6-C-13(A,N)8-O-16,,SIG"
F0786004,2005,S.Harissopulos+,0.369,,2,3,1.7,7.227e+6,6013,6-C-13,A,N,8-O-16,3,4,CS,CS,1,2,"6-C-13(A,N)8-O-16,,SIG"
F0786004,2005,S.Harissopulos+,0.374,,2,3,1.7,7.247e+6,6013,6-C-13,A,N,8-O-16,3,4,CS,CS,1,2,"6-C-13(A,N)8-O-16,,SIG"
F0786004,2005,S.Harissopulos+,0.376,,2,3,1.7,7.267e+6,6013,6-C-13,A,N,8-O-16,3,4,CS,CS,1,2,"6-C-13(A,N)8-O-16,,SIG"
F0786004,2005,S.Harissopulos+,0.381,,2,3,1.7,7.287e+6,6013,6-C-13,A,N,8-O-16,3,4,CS,CS,1,2,"6-C-13(A,N)8-O-16,,SIG"
F0786004,2005,S.Harissopulos+,0.411,,2,3,1.7,7.307e+6,6013,6-C-13,A,N,8-O-16,3,4,CS,CS,1,2,"6-C-13(A,N)8-O-16,,SIG"
F0786004,2005,S.Harissopulos+,0.438,,2,3,1.7,7.326e+6,6013,6-C-13,A,N,8-O-16,3,4,CS,CS,1,2,"6-C-13(A,N)8-O-16,,SIG"
F0786004,2005,S.Harissopulos+,0.441,,2,3,1.7,7.346e+6,6013,6-C-13,A,N,8-O-16,3,4,CS,CS,1,2,"6-C-13(A,N)8-O-16,,SIG"
F0786004,2005,S.Harissopulos+,0.454,,2,3,1.7,7.366e+6,6013,6-C-13,A,N,8-O-16,3,4,CS,CS,1,2,"6-C-13(A,N)8-O-16,,SIG"
F0786004,2005,S.Harissopulos+,0.445,,2,3,1.7,7.386e+6,6013,6-C-13,A,N,8-O-16,3,4,CS,CS,1,2,"6-C-13(A,N)8-O-16,,SIG"
F0786004,2005,S.Harissopulos+,0.456,,2,3,1.7,7.406e+6,6013,6-C-13,A,N,8-O-16,3,4,CS,CS,1,2,"6-C-13(A,N)8-O-16,,SIG"
F0786004,2005,S.Harissopulos+,0.484,,2,3,1.7,7.427e+6,6013,6-C-13,A,N,8-O-16,3,4,CS,CS,1,2,"6-C-13(A,N)8-O-16,,SIG"
F0786004,2005,S.Harissopulos+,0.502,,2,3,1.7,7.445e+6,6013,6-C-13,A,N,8-O-16,3,4,CS,CS,1,2,"6-C-13(A,N)8-O-16,,SIG"
F0786004,2005,S.Harissopulos+,0.5,,2,3,1.7,7.465e+6,6013,6-C-13,A,N,8-O-16,3,4,CS,CS,1,2,"6-C-13(A,N)8-O-16,,SIG"
F0786004,2005,S.Harissopulos+,0.509,,2,3,1.7,7.485e+6,6013,6-C-13,A,N,8-O-16,3,4,CS,CS,1,2,"6-C-13(A,N)8-O-16,,SIG"
F0786004,2005,S.Harissopulos+,0.498,,2,3,1.7,7.505e+6,6013,6-C-13,A,N,8-O-16,3,4,CS,CS,1,2,"6-C-13(A,N)8-O-16,,SIG"
F0786004,2005,S.Harissopulos+,0.498,,2,3,1.7,7.525e+6,6013,6-C-13,A,N,8-O-16,3,4,CS,CS,1,2,"6-C-13(A,N)8-O-16,,SIG"
F0786004,2005,S.Harissopulos+,0.491,,2,3,1.7,7.544e+6,6013,6-C-13,A,N,8-O-16,3,4,CS,CS,1,2,"6-C-13(A,N)8-O-16,,SIG"
F0786004,2005,S.Harissopulos+,0.45,,2,3,1.7,7.564e+6,6013,6-C-13,A,N,8-O-16,3,4,CS,CS,1,2,"6-C-13(A,N)8-O-16,,SIG"
F0786004,2005,S.Harissopulos+,0.431,,2,3,1.7,7.584e+6,6013,6-C-13,A,N,8-O-16,3,4,CS,CS,1,2,"6-C-13(A,N)8-O-16,,SIG"
F0786004,2005,S.Harissopulos+,0.43,,2,3,1.7,7.605e+6,6013,6-C-13,A,N,8-O-16,3,4,CS,CS,1,2,"6-C-13(A,N)8-O-16,,SIG"
F0786004,2005,S.Harissopulos+,0.452,,2,3,1.7,7.625e+6,6013,6-C-13,A,N,8-O-16,3,4,CS,CS,1,2,"6-C-13(A,N)8-O-16,,SIG"
F0786004,2005,S.Harissopulos+,0.499,,2,3,1.7,7.645e+6,6013,6-C-13,A,N,8-O-16,3,4,CS,CS,1,2,"6-C-13(A,N)8-O-16,,SIG"
F0786004,2005,S.Harissopulos+,0.555,,2,3,1.7,7.664e+6,6013,6-C-13,A,N,8-O-16,3,4,CS,CS,1,2,"6-C-13(A,N)8-O-16,,SIG"
F0786004,2005,S.Harissopulos+,0.613,,2,3,1.7,7.684e+6,6013,6-C-13,A,N,8-O-16,3,4,CS,CS,1,2,"6-C-13(A,N)8-O-16,,SIG"
F0786004,2005,S.Harissopulos+,0.68,,2,3,1.7,7.704e+6,6013,6-C-13,A,N,8-O-16,3,4,CS,CS,1,2,"6-C-13(A,N)8-O-16,,SIG"
F0786004,2005,S.Harissopulos+,0.691,,2,3,1.7,7.724e+6,6013,6-C-13,A,N,8-O-16,3,4,CS,CS,1,2,"6-C-13(A,N)8-O-16,,SIG"
F0786004,2005,S.Harissopulos+,0.664,,2,3,1.7,7.744e+6,6013,6-C-13,A,N,8-O-16,3,4,CS,CS,1,2,"6-C-13(A,N)8-O-16,,SIG"
F0786004,2005,S.Harissopulos+,0.638,,2,3,1.7,7.763e+6,6013,6-C-13,A,N,8-O-16,3,4,CS,CS,1,2,"6-C-13(A,N)8-O-16,,SIG"
F0786004,2005,S.Harissopulos+,0.614,,2,3,1.7,7.783e+6,6013,6-C-13,A,N,8-O-16,3,4,CS,CS,1,2,"6-C-13(A,N)8-O-16,,SIG"
F0786004,2005,S.Harissopulos+,0.592,,2,3,1.7,7.803e+6,6013,6-C-13,A,N,8-O-16,3,4,CS,CS,1,2,"6-C-13(A,N)8-O-16,,SIG"
F0786004,2005,S.Harissopulos+,0.596,,2,3,1.7,7.823e+6,6013,6-C-13,A,N,8-O-16,3,4,CS,CS,1,2,"6-C-13(A,N)8-O-16,,SIG"
F0786004,2005,S.Harissopulos+,0.595,,2,3,1.7,7.843e+6,6013,6-C-13,A,N,8-O-16,3,4,CS,CS,1,2,"6-C-13(A,N)8-O-16,,SIG"
F0786004,2005,S.Harissopulos+,0.599,,2,3,1.7,7.863e+6,6013,6-C-13,A,N,8-O-16,3,4,CS,CS,1,2,"6-C-13(A,N)8-O-16,,SIG"
F0786004,2005,S.Harissopulos+,0.622,,2,3,1.7,7.882e+6,6013,6-C-13,A,N,8-O-16,3,4,CS,CS,1,2,"6-C-13(A,N)8-O-16,,SIG"
F0786004,2005,S.Harissopulos+,0.64,,2,3,1.7,7.902e+6,6013,6-C-13,A,N,8-O-16,3,4,CS,CS,1,2,"6-C-13(A,N)8-O-16,,SIG"
F0786004,2005,S.Harissopulos+,0.583,,2,3,1.7,7.922e+6,6013,6-C-13,A,N,8-O-16,3,4,CS,CS,1,2,"6-C-13(A,N)8-O-16,,SIG"
F0786004,2005,S.Harissopulos+,0.501,,2,3,1.7,7.941e+6,6013,6-C-13,A,N,8-O-16,3,4,CS,CS,1,2,"6-C-13(A,N)8-O-16,,SIG"
F0786004,2005,S.Harissopulos+,0.458,,2,3,1.7,7.962e+6,6013,6-C-13,A,N,8-O-16,3,4,CS,CS,1,2,"6-C-13(A,N)8-O-16,,SIG"
